[{"EDIAm":0.949063,"NGRID":53,"OPIA":100,"RSCCS":0.944688,"RSR":0.0576816,"SRSR":0.00998173,"asymID":"A","compID":"SER","pdb":{"compID":"SER","insCode":"","seqNum":1,"strandID":"A"},"seqID":1},{"EDIAm":1.02426,"NGRID":36,"OPIA":100,"RSCCS":0.961336,"RSR":0.043003,"SRSR":0.0122117,"asymID":"A","compID":"GLY","pdb":{"compID":"GLY","insCode":"","seqNum":2,"strandID":"A"},"seqID":2},{"EDIAm":0.996029,"NGRID":105,"OPIA":100,"RSCCS":0.942712,"RSR":0.0539683,"SRSR":0.00791461,"asymID":"A","compID":"PHE","pdb":{"compID":"PHE","insCode":"","seqNum":3,"strandID":"A"},"seqID":3},{"EDIAm":0.954691,"NGRID":112,"OPIA":81.8182,"RSCCS":0.946681,"RSR":0.0758464,"SRSR":0.00809442,"asymID":"A","compID":"ARG","pdb":{"compID":"ARG","insCode":"","seqNum":4,"strandID":"A"},"seqID":4},{"EDIAm":0.917064,"NGRID":107,"OPIA":77.7778,"RSCCS":0.957729,"RSR":0.0814368,"SRSR":0.00953316,"asymID":"A","compID":"LYS","pdb":{"compID":"LYS","insCode":"","seqNum":5,"strandID":"A"},"seqID":5},{"EDIAm":0.915425,"NGRID":93,"OPIA":87.5,"RSCCS":0.969603,"RSR":0.0551238,"SRSR":0.00726444,"asymID":"A","compID":"MET","pdb":{"compID":"MET","insCode":"","seqNum":6,"strandID":"A"},"seqID":6},{"EDIAm":1.02692,"NGRID":37,"OPIA":100,"RSCCS":0.979304,"RSR":0.0430158,"SRSR":0.00847507,"asymID":"A","compID":"ALA","pdb":{"compID":"ALA","insCode":"","seqNum":7,"strandID":"A"},"seqID":7},{"EDIAm":1.03332,"NGRID":94,"OPIA":100,"RSCCS":0.982824,"RSR":0.0426275,"SRSR":0.00632169,"asymID":"A","compID":"PHE","pdb":{"compID":"PHE","insCode":"","seqNum":8,"strandID":"A"},"seqID":8},{"EDIAm":1.0319,"NGRID":53,"OPIA":100,"RSCCS":0.97595,"RSR":0.0436156,"SRSR":0.0076604,"asymID":"A","compID":"PRO","pdb":{"compID":"PRO","insCode":"","seqNum":9,"strandID":"A"},"seqID":9},{"EDIAm":0.987711,"NGRID":46,"OPIA":100,"RSCCS":0.990177,"RSR":0.0282476,"SRSR":0.00766499,"asymID":"A","compID":"SER","pdb":{"compID":"SER","insCode":"","seqNum":10,"strandID":"A"},"seqID":10},{"EDIAm":0.978914,"NGRID":32,"OPIA":100,"RSCCS":0.978494,"RSR":0.033708,"SRSR":0.0112288,"asymID":"A","compID":"GLY","pdb":{"compID":"GLY","insCode":"","seqNum":11,"strandID":"A"},"seqID":11},{"EDIAm":0.853331,"NGRID":91,"OPIA":77.7778,"RSCCS":0.956458,"RSR":0.0664712,"SRSR":0.00828572,"asymID":"A","compID":"LYS","pdb":{"compID":"LYS","insCode":"","seqNum":12,"strandID":"A"},"seqID":12},{"EDIAm":1.01751,"NGRID":54,"OPIA":100,"RSCCS":0.987311,"RSR":0.0293833,"SRSR":0.00763087,"asymID":"A","compID":"VAL","pdb":{"compID":"VAL","insCode":"","seqNum":13,"strandID":"A"},"seqID":13},{"EDIAm":1.0007,"NGRID":67,"OPIA":100,"RSCCS":0.975891,"RSR":0.0394925,"SRSR":0.00743429,"asymID":"A","compID":"GLU","pdb":{"compID":"GLU","insCode":"","seqNum":14,"strandID":"A"},"seqID":14},{"EDIAm":0.961188,"NGRID":30,"OPIA":100,"RSCCS":0.983587,"RSR":0.0431148,"SRSR":0.0116028,"asymID":"A","compID":"GLY","pdb":{"compID":"GLY","insCode":"","seqNum":15,"strandID":"A"},"seqID":15},{"EDIAm":0.964635,"NGRID":47,"OPIA":100,"RSCCS":0.988127,"RSR":0.0435769,"SRSR":0.00664962,"asymID":"A","compID":"CYS","pdb":{"compID":"CYS","insCode":"","seqNum":16,"strandID":"A"},"seqID":16},{"EDIAm":0.967983,"NGRID":64,"OPIA":100,"RSCCS":0.979348,"RSR":0.0480396,"SRSR":0.00654062,"asymID":"A","compID":"MET","pdb":{"compID":"MET","insCode":"","seqNum":17,"strandID":"A"},"seqID":17},{"EDIAm":0.974639,"NGRID":55,"OPIA":100,"RSCCS":0.986569,"RSR":0.0283956,"SRSR":0.00849699,"asymID":"A","compID":"VAL","pdb":{"compID":"VAL","insCode":"","seqNum":18,"strandID":"A"},"seqID":18},{"EDIAm":0.893537,"NGRID":88,"OPIA":77.7778,"RSCCS":0.970549,"RSR":0.0487791,"SRSR":0.0089963,"asymID":"A","compID":"GLN","pdb":{"compID":"GLN","insCode":"","seqNum":19,"strandID":"A"},"seqID":19},{"EDIAm":0.934594,"NGRID":62,"OPIA":85.7143,"RSCCS":0.98735,"RSR":0.0337786,"SRSR":0.00859804,"asymID":"A","compID":"VAL","pdb":{"compID":"VAL","insCode":"","seqNum":20,"strandID":"A"},"seqID":20},{"EDIAm":0.92953,"NGRID":60,"OPIA":85.7143,"RSCCS":0.953709,"RSR":0.0536082,"SRSR":0.00933008,"asymID":"A","compID":"THR","pdb":{"compID":"THR","insCode":"","seqNum":21,"strandID":"A"},"seqID":21},{"EDIAm":0.910537,"NGRID":57,"OPIA":83.3333,"RSCCS":0.968156,"RSR":0.0511698,"SRSR":0.00882846,"asymID":"A","compID":"CYS","pdb":{"compID":"CYS","insCode":"","seqNum":22,"strandID":"A"},"seqID":22},{"EDIAm":0.873345,"NGRID":42,"OPIA":75,"RSCCS":0.963717,"RSR":0.0580876,"SRSR":0.0128554,"asymID":"A","compID":"GLY","pdb":{"compID":"GLY","insCode":"","seqNum":23,"strandID":"A"},"seqID":23},{"EDIAm":0.723208,"NGRID":73,"OPIA":71.4286,"RSCCS":0.941553,"RSR":0.0582088,"SRSR":0.0118904,"asymID":"A","compID":"THR","pdb":{"compID":"THR","insCode":"","seqNum":24,"strandID":"A"},"seqID":24},{"EDIAm":0.804205,"NGRID":70,"OPIA":85.7143,"RSCCS":0.959453,"RSR":0.0446333,"SRSR":0.0105476,"asymID":"A","compID":"THR","pdb":{"compID":"THR","insCode":"","seqNum":25,"strandID":"A"},"seqID":25},{"EDIAm":0.940228,"NGRID":62,"OPIA":85.7143,"RSCCS":0.978525,"RSR":0.0361367,"SRSR":0.0100941,"asymID":"A","compID":"THR","pdb":{"compID":"THR","insCode":"","seqNum":26,"strandID":"A"},"seqID":26},{"EDIAm":0.955624,"NGRID":70,"OPIA":100,"RSCCS":0.978936,"RSR":0.0396392,"SRSR":0.00894136,"asymID":"A","compID":"LEU","pdb":{"compID":"LEU","insCode":"","seqNum":27,"strandID":"A"},"seqID":27},{"EDIAm":0.996654,"NGRID":60,"OPIA":100,"RSCCS":0.983547,"RSR":0.0355722,"SRSR":0.00788222,"asymID":"A","compID":"ASN","pdb":{"compID":"ASN","insCode":"","seqNum":28,"strandID":"A"},"seqID":28},{"EDIAm":1.01364,"NGRID":29,"OPIA":100,"RSCCS":0.991625,"RSR":0.021775,"SRSR":0.00932103,"asymID":"A","compID":"GLY","pdb":{"compID":"GLY","insCode":"","seqNum":29,"strandID":"A"},"seqID":29},{"EDIAm":1.02076,"NGRID":66,"OPIA":100,"RSCCS":0.989486,"RSR":0.0283129,"SRSR":0.00728134,"asymID":"A","compID":"LEU","pdb":{"compID":"LEU","insCode":"","seqNum":30,"strandID":"A"},"seqID":30},{"EDIAm":0.9156,"NGRID":106,"OPIA":92.8571,"RSCCS":0.981597,"RSR":0.0346206,"SRSR":0.00673401,"asymID":"A","compID":"TRP","pdb":{"compID":"TRP","insCode":"","seqNum":31,"strandID":"A"},"seqID":31},{"EDIAm":0.980866,"NGRID":62,"OPIA":87.5,"RSCCS":0.983327,"RSR":0.0427168,"SRSR":0.00797183,"asymID":"A","compID":"LEU","pdb":{"compID":"LEU","insCode":"","seqNum":32,"strandID":"A"},"seqID":32},{"EDIAm":0.931972,"NGRID":74,"OPIA":87.5,"RSCCS":0.977975,"RSR":0.035495,"SRSR":0.00863451,"asymID":"A","compID":"ASP","pdb":{"compID":"ASP","insCode":"","seqNum":33,"strandID":"A"},"seqID":33},{"EDIAm":0.925542,"NGRID":63,"OPIA":87.5,"RSCCS":0.969829,"RSR":0.0381203,"SRSR":0.00922954,"asymID":"A","compID":"ASP","pdb":{"compID":"ASP","insCode":"","seqNum":34,"strandID":"A"},"seqID":34},{"EDIAm":0.951444,"NGRID":54,"OPIA":85.7143,"RSCCS":0.976944,"RSR":0.050914,"SRSR":0.0081053,"asymID":"A","compID":"VAL","pdb":{"compID":"VAL","insCode":"","seqNum":35,"strandID":"A"},"seqID":35},{"EDIAm":0.987192,"NGRID":54,"OPIA":85.7143,"RSCCS":0.984203,"RSR":0.0360577,"SRSR":0.00816514,"asymID":"A","compID":"VAL","pdb":{"compID":"VAL","insCode":"","seqNum":36,"strandID":"A"},"seqID":36},{"EDIAm":1.02676,"NGRID":91,"OPIA":100,"RSCCS":0.989914,"RSR":0.024906,"SRSR":0.00599397,"asymID":"A","compID":"TYR","pdb":{"compID":"TYR","insCode":"","seqNum":37,"strandID":"A"},"seqID":37},{"EDIAm":1.01726,"NGRID":46,"OPIA":100,"RSCCS":0.988727,"RSR":0.0346692,"SRSR":0.00688191,"asymID":"A","compID":"CYS","pdb":{"compID":"CYS","insCode":"","seqNum":38,"strandID":"A"},"seqID":38},{"EDIAm":1.0344,"NGRID":54,"OPIA":100,"RSCCS":0.987901,"RSR":0.0265294,"SRSR":0.00769367,"asymID":"A","compID":"PRO","pdb":{"compID":"PRO","insCode":"","seqNum":39,"strandID":"A"},"seqID":39},{"EDIAm":1.00499,"NGRID":85,"OPIA":100,"RSCCS":0.973702,"RSR":0.0394747,"SRSR":0.00683013,"asymID":"A","compID":"ARG","pdb":{"compID":"ARG","insCode":"","seqNum":40,"strandID":"A"},"seqID":40},{"EDIAm":0.990575,"NGRID":78,"OPIA":100,"RSCCS":0.969031,"RSR":0.0448647,"SRSR":0.00788557,"asymID":"A","compID":"HIS","pdb":{"compID":"HIS","insCode":"","seqNum":41,"strandID":"A"},"seqID":41},{"EDIAm":0.921758,"NGRID":57,"OPIA":85.7143,"RSCCS":0.981872,"RSR":0.036951,"SRSR":0.00927619,"asymID":"A","compID":"VAL","pdb":{"compID":"VAL","insCode":"","seqNum":42,"strandID":"A"},"seqID":42},{"EDIAm":0.88825,"NGRID":70,"OPIA":75,"RSCCS":0.977678,"RSR":0.038177,"SRSR":0.00910154,"asymID":"A","compID":"ILE","pdb":{"compID":"ILE","insCode":"","seqNum":43,"strandID":"A"},"seqID":43},{"EDIAm":0.85192,"NGRID":104,"OPIA":83.3333,"RSCCS":0.943039,"RSR":0.0649384,"SRSR":0.0112004,"asymID":"A","compID":"CYS","pdb":{"compID":"CYS","insCode":"","seqNum":44,"strandID":"A"},"seqID":44},{"EDIAm":0.476401,"NGRID":179,"OPIA":0,"RSCCS":0.6989,"RSR":0.119496,"SRSR":0.0140402,"asymID":"A","compID":"THR","pdb":{"compID":"THR","insCode":"","seqNum":45,"strandID":"A"},"seqID":45},{"EDIAm":0.0109147,"NGRID":209,"OPIA":0,"RSCCS":0.465024,"RSR":0.193173,"SRSR":0.0129344,"asymID":"A","compID":"SER","pdb":{"compID":"SER","insCode":"","seqNum":46,"strandID":"A"},"seqID":46},{"EDIAm":0.177734,"NGRID":324,"OPIA":25,"RSCCS":0.82677,"RSR":0.166508,"SRSR":0.0137598,"asymID":"A","compID":"MET","pdb":{"compID":"MET","insCode":"","seqNum":49,"strandID":"A"},"seqID":49},{"EDIAm":0.0838435,"NGRID":341,"OPIA":0,"RSCCS":0.782747,"RSR":0.198678,"SRSR":0.0167625,"asymID":"A","compID":"LEU","pdb":{"compID":"LEU","insCode":"","seqNum":50,"strandID":"A"},"seqID":50},{"EDIAm":0.27143,"NGRID":270,"OPIA":0,"RSCCS":0.686929,"RSR":0.106895,"SRSR":0.0158374,"asymID":"A","compID":"ASN","pdb":{"compID":"ASN","insCode":"","seqNum":51,"strandID":"A"},"seqID":51},{"EDIAm":0.711717,"NGRID":151,"OPIA":42.8571,"RSCCS":0.93355,"RSR":0.0759041,"SRSR":0.0142221,"asymID":"A","compID":"PRO","pdb":{"compID":"PRO","insCode":"","seqNum":52,"strandID":"A"},"seqID":52},{"EDIAm":0.859542,"NGRID":108,"OPIA":75,"RSCCS":0.932572,"RSR":0.0583793,"SRSR":0.0112144,"asymID":"A","compID":"ASN","pdb":{"compID":"ASN","insCode":"","seqNum":53,"strandID":"A"},"seqID":53},{"EDIAm":0.936535,"NGRID":112,"OPIA":91.6667,"RSCCS":0.941656,"RSR":0.0528773,"SRSR":0.00766018,"asymID":"A","compID":"TYR","pdb":{"compID":"TYR","insCode":"","seqNum":54,"strandID":"A"},"seqID":54},{"EDIAm":0.588011,"NGRID":122,"OPIA":55.5556,"RSCCS":0.941537,"RSR":0.0786594,"SRSR":0.0108677,"asymID":"A","compID":"GLU","pdb":{"compID":"GLU","insCode":"","seqNum":55,"strandID":"A"},"seqID":55},{"EDIAm":0.901774,"NGRID":76,"OPIA":87.5,"RSCCS":0.959699,"RSR":0.0479432,"SRSR":0.0107364,"asymID":"A","compID":"ASP","pdb":{"compID":"ASP","insCode":"","seqNum":56,"strandID":"A"},"seqID":56},{"EDIAm":0.66136,"NGRID":71,"OPIA":62.5,"RSCCS":0.965534,"RSR":0.0683843,"SRSR":0.0117245,"asymID":"A","compID":"LEU","pdb":{"compID":"LEU","insCode":"","seqNum":57,"strandID":"A"},"seqID":57},{"EDIAm":0.882553,"NGRID":74,"OPIA":75,"RSCCS":0.962399,"RSR":0.0563058,"SRSR":0.0100351,"asymID":"A","compID":"LEU","pdb":{"compID":"LEU","insCode":"","seqNum":58,"strandID":"A"},"seqID":58},{"EDIAm":0.752118,"NGRID":66,"OPIA":62.5,"RSCCS":0.937255,"RSR":0.0635049,"SRSR":0.0116324,"asymID":"A","compID":"ILE","pdb":{"compID":"ILE","insCode":"","seqNum":59,"strandID":"A"},"seqID":59},{"EDIAm":0.87777,"NGRID":87,"OPIA":81.8182,"RSCCS":0.919864,"RSR":0.0731698,"SRSR":0.00780725,"asymID":"A","compID":"ARG","pdb":{"compID":"ARG","insCode":"","seqNum":60,"strandID":"A"},"seqID":60},{"EDIAm":0.876176,"NGRID":78,"OPIA":77.7778,"RSCCS":0.956696,"RSR":0.0518507,"SRSR":0.00921008,"asymID":"A","compID":"LYS","pdb":{"compID":"LYS","insCode":"","seqNum":61,"strandID":"A"},"seqID":61},{"EDIAm":0.807056,"NGRID":52,"OPIA":66.6667,"RSCCS":0.965045,"RSR":0.0498136,"SRSR":0.0116546,"asymID":"A","compID":"SER","pdb":{"compID":"SER","insCode":"","seqNum":62,"strandID":"A"},"seqID":62},{"EDIAm":0.820096,"NGRID":68,"OPIA":50,"RSCCS":0.949664,"RSR":0.0546772,"SRSR":0.00958284,"asymID":"A","compID":"ASN","pdb":{"compID":"ASN","insCode":"","seqNum":63,"strandID":"A"},"seqID":63},{"EDIAm":0.856253,"NGRID":101,"OPIA":80,"RSCCS":0.94622,"RSR":0.0585493,"SRSR":0.00948915,"asymID":"A","compID":"HIS","pdb":{"compID":"HIS","insCode":"","seqNum":64,"strandID":"A"},"seqID":64},{"EDIAm":0.734515,"NGRID":81,"OPIA":62.5,"RSCCS":0.954425,"RSR":0.0546046,"SRSR":0.0102913,"asymID":"A","compID":"ASN","pdb":{"compID":"ASN","insCode":"","seqNum":65,"strandID":"A"},"seqID":65},{"EDIAm":0.888025,"NGRID":112,"OPIA":90.9091,"RSCCS":0.957497,"RSR":0.0548618,"SRSR":0.00850333,"asymID":"A","compID":"PHE","pdb":{"compID":"PHE","insCode":"","seqNum":66,"strandID":"A"},"seqID":66},{"EDIAm":0.755154,"NGRID":86,"OPIA":75,"RSCCS":0.967129,"RSR":0.0620523,"SRSR":0.00950632,"asymID":"A","compID":"LEU","pdb":{"compID":"LEU","insCode":"","seqNum":67,"strandID":"A"},"seqID":67},{"EDIAm":0.883518,"NGRID":68,"OPIA":85.7143,"RSCCS":0.983129,"RSR":0.0337603,"SRSR":0.0101504,"asymID":"A","compID":"VAL","pdb":{"compID":"VAL","insCode":"","seqNum":68,"strandID":"A"},"seqID":68},{"EDIAm":0.795137,"NGRID":110,"OPIA":66.6667,"RSCCS":0.960841,"RSR":0.054321,"SRSR":0.0102992,"asymID":"A","compID":"GLN","pdb":{"compID":"GLN","insCode":"","seqNum":69,"strandID":"A"},"seqID":69},{"EDIAm":0.78006,"NGRID":54,"OPIA":60,"RSCCS":0.965394,"RSR":0.0569416,"SRSR":0.0128037,"asymID":"A","compID":"ALA","pdb":{"compID":"ALA","insCode":"","seqNum":70,"strandID":"A"},"seqID":70},{"EDIAm":0.798091,"NGRID":56,"OPIA":50,"RSCCS":0.909446,"RSR":0.100491,"SRSR":0.0133987,"asymID":"A","compID":"GLY","pdb":{"compID":"GLY","insCode":"","seqNum":71,"strandID":"A"},"seqID":71},{"EDIAm":0.362641,"NGRID":150,"OPIA":25,"RSCCS":0.819605,"RSR":0.0913228,"SRSR":0.0130211,"asymID":"A","compID":"ASN","pdb":{"compID":"ASN","insCode":"","seqNum":72,"strandID":"A"},"seqID":72},{"EDIAm":0.518043,"NGRID":104,"OPIA":57.1429,"RSCCS":0.947265,"RSR":0.0769668,"SRSR":0.012543,"asymID":"A","compID":"VAL","pdb":{"compID":"VAL","insCode":"","seqNum":73,"strandID":"A"},"seqID":73},{"EDIAm":0.761023,"NGRID":112,"OPIA":44.4444,"RSCCS":0.939218,"RSR":0.0625864,"SRSR":0.0108826,"asymID":"A","compID":"GLN","pdb":{"compID":"GLN","insCode":"","seqNum":74,"strandID":"A"},"seqID":74},{"EDIAm":0.728623,"NGRID":94,"OPIA":75,"RSCCS":0.976441,"RSR":0.0448738,"SRSR":0.0123037,"asymID":"A","compID":"LEU","pdb":{"compID":"LEU","insCode":"","seqNum":75,"strandID":"A"},"seqID":75},{"EDIAm":0.636504,"NGRID":134,"OPIA":54.5455,"RSCCS":0.956229,"RSR":0.0653468,"SRSR":0.0103389,"asymID":"A","compID":"ARG","pdb":{"compID":"ARG","insCode":"","seqNum":76,"strandID":"A"},"seqID":76},{"EDIAm":0.884084,"NGRID":61,"OPIA":85.7143,"RSCCS":0.957772,"RSR":0.0681171,"SRSR":0.00960843,"asymID":"A","compID":"VAL","pdb":{"compID":"VAL","insCode":"","seqNum":77,"strandID":"A"},"seqID":77},{"EDIAm":0.869628,"NGRID":68,"OPIA":75,"RSCCS":0.961668,"RSR":0.0499058,"SRSR":0.00967207,"asymID":"A","compID":"ILE","pdb":{"compID":"ILE","insCode":"","seqNum":78,"strandID":"A"},"seqID":78},{"EDIAm":0.913876,"NGRID":30,"OPIA":100,"RSCCS":0.969941,"RSR":0.0353067,"SRSR":0.0133405,"asymID":"A","compID":"GLY","pdb":{"compID":"GLY","insCode":"","seqNum":79,"strandID":"A"},"seqID":79},{"EDIAm":0.885982,"NGRID":80,"OPIA":90,"RSCCS":0.951372,"RSR":0.0544291,"SRSR":0.00897394,"asymID":"A","compID":"HIS","pdb":{"compID":"HIS","insCode":"","seqNum":80,"strandID":"A"},"seqID":80},{"EDIAm":0.956596,"NGRID":49,"OPIA":100,"RSCCS":0.957697,"RSR":0.0462613,"SRSR":0.00999743,"asymID":"A","compID":"SER","pdb":{"compID":"SER","insCode":"","seqNum":81,"strandID":"A"},"seqID":81},{"EDIAm":0.810812,"NGRID":84,"OPIA":87.5,"RSCCS":0.960927,"RSR":0.0658152,"SRSR":0.00747398,"asymID":"A","compID":"MET","pdb":{"compID":"MET","insCode":"","seqNum":82,"strandID":"A"},"seqID":82},{"EDIAm":0.864522,"NGRID":106,"OPIA":77.7778,"RSCCS":0.957495,"RSR":0.0785478,"SRSR":0.0103401,"asymID":"A","compID":"GLN","pdb":{"compID":"GLN","insCode":"","seqNum":83,"strandID":"A"},"seqID":83},{"EDIAm":1.01396,"NGRID":62,"OPIA":100,"RSCCS":0.988843,"RSR":0.0267912,"SRSR":0.00753927,"asymID":"A","compID":"ASN","pdb":{"compID":"ASN","insCode":"","seqNum":84,"strandID":"A"},"seqID":84},{"EDIAm":1.05261,"NGRID":43,"OPIA":100,"RSCCS":0.994527,"RSR":0.0211332,"SRSR":0.00649148,"asymID":"A","compID":"CYS","pdb":{"compID":"CYS","insCode":"","seqNum":85,"strandID":"A"},"seqID":85},{"EDIAm":0.950914,"NGRID":53,"OPIA":71.4286,"RSCCS":0.963984,"RSR":0.0518204,"SRSR":0.00876626,"asymID":"A","compID":"VAL","pdb":{"compID":"VAL","insCode":"","seqNum":86,"strandID":"A"},"seqID":86},{"EDIAm":0.833725,"NGRID":74,"OPIA":75,"RSCCS":0.962129,"RSR":0.0685068,"SRSR":0.00831422,"asymID":"A","compID":"LEU","pdb":{"compID":"LEU","insCode":"","seqNum":87,"strandID":"A"},"seqID":87},{"EDIAm":0.893913,"NGRID":87,"OPIA":77.7778,"RSCCS":0.953435,"RSR":0.0615649,"SRSR":0.00839884,"asymID":"A","compID":"LYS","pdb":{"compID":"LYS","insCode":"","seqNum":88,"strandID":"A"},"seqID":88},{"EDIAm":0.923785,"NGRID":68,"OPIA":87.5,"RSCCS":0.971706,"RSR":0.043913,"SRSR":0.00805563,"asymID":"A","compID":"LEU","pdb":{"compID":"LEU","insCode":"","seqNum":89,"strandID":"A"},"seqID":89},{"EDIAm":0.587449,"NGRID":98,"OPIA":66.6667,"RSCCS":0.963739,"RSR":0.0703135,"SRSR":0.00860494,"asymID":"A","compID":"LYS","pdb":{"compID":"LYS","insCode":"","seqNum":90,"strandID":"A"},"seqID":90},{"EDIAm":0.959529,"NGRID":57,"OPIA":100,"RSCCS":0.969237,"RSR":0.0407432,"SRSR":0.00909379,"asymID":"A","compID":"VAL","pdb":{"compID":"VAL","insCode":"","seqNum":91,"strandID":"A"},"seqID":91},{"EDIAm":0.547771,"NGRID":83,"OPIA":50,"RSCCS":0.930787,"RSR":0.0640856,"SRSR":0.0113367,"asymID":"A","compID":"ASP","pdb":{"compID":"ASP","insCode":"","seqNum":92,"strandID":"A"},"seqID":92},{"EDIAm":0.805027,"NGRID":74,"OPIA":71.4286,"RSCCS":0.930614,"RSR":0.0679186,"SRSR":0.0120328,"asymID":"A","compID":"THR","pdb":{"compID":"THR","insCode":"","seqNum":93,"strandID":"A"},"seqID":93},{"EDIAm":0.905301,"NGRID":39,"OPIA":80,"RSCCS":0.979217,"RSR":0.0369005,"SRSR":0.012624,"asymID":"A","compID":"ALA","pdb":{"compID":"ALA","insCode":"","seqNum":94,"strandID":"A"},"seqID":94},{"EDIAm":0.910915,"NGRID":56,"OPIA":100,"RSCCS":0.976489,"RSR":0.0396214,"SRSR":0.00895111,"asymID":"A","compID":"ASN","pdb":{"compID":"ASN","insCode":"","seqNum":95,"strandID":"A"},"seqID":95},{"EDIAm":0.980969,"NGRID":56,"OPIA":100,"RSCCS":0.981811,"RSR":0.0372459,"SRSR":0.00912877,"asymID":"A","compID":"PRO","pdb":{"compID":"PRO","insCode":"","seqNum":96,"strandID":"A"},"seqID":96},{"EDIAm":0.886392,"NGRID":85,"OPIA":77.7778,"RSCCS":0.947214,"RSR":0.0572899,"SRSR":0.010073,"asymID":"A","compID":"LYS","pdb":{"compID":"LYS","insCode":"","seqNum":97,"strandID":"A"},"seqID":97},{"EDIAm":0.969216,"NGRID":52,"OPIA":100,"RSCCS":0.98332,"RSR":0.0293497,"SRSR":0.00867306,"asymID":"A","compID":"THR","pdb":{"compID":"THR","insCode":"","seqNum":98,"strandID":"A"},"seqID":98},{"EDIAm":0.974702,"NGRID":55,"OPIA":100,"RSCCS":0.982635,"RSR":0.0355562,"SRSR":0.00830112,"asymID":"A","compID":"PRO","pdb":{"compID":"PRO","insCode":"","seqNum":99,"strandID":"A"},"seqID":99},{"EDIAm":0.478261,"NGRID":100,"OPIA":55.5556,"RSCCS":0.963646,"RSR":0.0757177,"SRSR":0.00945526,"asymID":"A","compID":"LYS","pdb":{"compID":"LYS","insCode":"","seqNum":100,"strandID":"A"},"seqID":100},{"EDIAm":0.990961,"NGRID":99,"OPIA":100,"RSCCS":0.981933,"RSR":0.0325398,"SRSR":0.00725804,"asymID":"A","compID":"TYR","pdb":{"compID":"TYR","insCode":"","seqNum":101,"strandID":"A"},"seqID":101},{"EDIAm":0.757997,"NGRID":98,"OPIA":77.7778,"RSCCS":0.974692,"RSR":0.0592031,"SRSR":0.00865986,"asymID":"A","compID":"LYS","pdb":{"compID":"LYS","insCode":"","seqNum":102,"strandID":"A"},"seqID":102},{"EDIAm":1.01181,"NGRID":79,"OPIA":100,"RSCCS":0.972327,"RSR":0.0380333,"SRSR":0.00690015,"asymID":"A","compID":"PHE","pdb":{"compID":"PHE","insCode":"","seqNum":103,"strandID":"A"},"seqID":103},{"EDIAm":0.929623,"NGRID":64,"OPIA":71.4286,"RSCCS":0.965878,"RSR":0.058223,"SRSR":0.0085077,"asymID":"A","compID":"VAL","pdb":{"compID":"VAL","insCode":"","seqNum":104,"strandID":"A"},"seqID":104},{"EDIAm":1.02185,"NGRID":83,"OPIA":100,"RSCCS":0.97884,"RSR":0.0405429,"SRSR":0.00568994,"asymID":"A","compID":"ARG","pdb":{"compID":"ARG","insCode":"","seqNum":105,"strandID":"A"},"seqID":105},{"EDIAm":1.00317,"NGRID":68,"OPIA":87.5,"RSCCS":0.979584,"RSR":0.0408449,"SRSR":0.00777184,"asymID":"A","compID":"ILE","pdb":{"compID":"ILE","insCode":"","seqNum":106,"strandID":"A"},"seqID":106},{"EDIAm":1.00284,"NGRID":81,"OPIA":100,"RSCCS":0.982011,"RSR":0.0364574,"SRSR":0.00724392,"asymID":"A","compID":"GLN","pdb":{"compID":"GLN","insCode":"","seqNum":107,"strandID":"A"},"seqID":107},{"EDIAm":1.01656,"NGRID":62,"OPIA":100,"RSCCS":0.967529,"RSR":0.0496535,"SRSR":0.00777969,"asymID":"A","compID":"PRO","pdb":{"compID":"PRO","insCode":"","seqNum":108,"strandID":"A"},"seqID":108},{"EDIAm":1.03762,"NGRID":37,"OPIA":100,"RSCCS":0.987633,"RSR":0.0300837,"SRSR":0.0112987,"asymID":"A","compID":"GLY","pdb":{"compID":"GLY","insCode":"","seqNum":109,"strandID":"A"},"seqID":109},{"EDIAm":0.847521,"NGRID":89,"OPIA":88.8889,"RSCCS":0.955176,"RSR":0.0739371,"SRSR":0.00737774,"asymID":"A","compID":"GLN","pdb":{"compID":"GLN","insCode":"","seqNum":110,"strandID":"A"},"seqID":110},{"EDIAm":1.03399,"NGRID":58,"OPIA":100,"RSCCS":0.984517,"RSR":0.032273,"SRSR":0.00710941,"asymID":"A","compID":"THR","pdb":{"compID":"THR","insCode":"","seqNum":111,"strandID":"A"},"seqID":111},{"EDIAm":1.02067,"NGRID":99,"OPIA":100,"RSCCS":0.983004,"RSR":0.0392408,"SRSR":0.00654127,"asymID":"A","compID":"PHE","pdb":{"compID":"PHE","insCode":"","seqNum":112,"strandID":"A"},"seqID":112},{"EDIAm":1.04187,"NGRID":46,"OPIA":100,"RSCCS":0.993469,"RSR":0.0278365,"SRSR":0.00701939,"asymID":"A","compID":"SER","pdb":{"compID":"SER","insCode":"","seqNum":113,"strandID":"A"},"seqID":113},{"EDIAm":0.997247,"NGRID":58,"OPIA":85.7143,"RSCCS":0.980986,"RSR":0.0357489,"SRSR":0.00775774,"asymID":"A","compID":"VAL","pdb":{"compID":"VAL","insCode":"","seqNum":114,"strandID":"A"},"seqID":114},{"EDIAm":1.02176,"NGRID":63,"OPIA":100,"RSCCS":0.984836,"RSR":0.030789,"SRSR":0.00752819,"asymID":"A","compID":"LEU","pdb":{"compID":"LEU","insCode":"","seqNum":115,"strandID":"A"},"seqID":115},{"EDIAm":0.981867,"NGRID":39,"OPIA":80,"RSCCS":0.982036,"RSR":0.0343146,"SRSR":0.00947124,"asymID":"A","compID":"ALA","pdb":{"compID":"ALA","insCode":"","seqNum":116,"strandID":"A"},"seqID":116},{"EDIAm":1.05093,"NGRID":48,"OPIA":100,"RSCCS":0.979863,"RSR":0.0414019,"SRSR":0.00686001,"asymID":"A","compID":"CYS","pdb":{"compID":"CYS","insCode":"","seqNum":117,"strandID":"A"},"seqID":117},{"EDIAm":0.962073,"NGRID":104,"OPIA":100,"RSCCS":0.970837,"RSR":0.0519219,"SRSR":0.00780864,"asymID":"A","compID":"TYR","pdb":{"compID":"TYR","insCode":"","seqNum":118,"strandID":"A"},"seqID":118},{"EDIAm":0.866922,"NGRID":75,"OPIA":75,"RSCCS":0.977995,"RSR":0.0477346,"SRSR":0.0101687,"asymID":"A","compID":"ASN","pdb":{"compID":"ASN","insCode":"","seqNum":119,"strandID":"A"},"seqID":119},{"EDIAm":0.973822,"NGRID":38,"OPIA":100,"RSCCS":0.979515,"RSR":0.0362516,"SRSR":0.011432,"asymID":"A","compID":"GLY","pdb":{"compID":"GLY","insCode":"","seqNum":120,"strandID":"A"},"seqID":120},{"EDIAm":0.944724,"NGRID":58,"OPIA":83.3333,"RSCCS":0.946055,"RSR":0.0591053,"SRSR":0.010094,"asymID":"A","compID":"SER","pdb":{"compID":"SER","insCode":"","seqNum":121,"strandID":"A"},"seqID":121},{"EDIAm":0.871438,"NGRID":81,"OPIA":71.4286,"RSCCS":0.941915,"RSR":0.0738812,"SRSR":0.0101345,"asymID":"A","compID":"PRO","pdb":{"compID":"PRO","insCode":"","seqNum":122,"strandID":"A"},"seqID":122},{"EDIAm":0.899989,"NGRID":64,"OPIA":83.3333,"RSCCS":0.929146,"RSR":0.0703041,"SRSR":0.010075,"asymID":"A","compID":"SER","pdb":{"compID":"SER","insCode":"","seqNum":123,"strandID":"A"},"seqID":123},{"EDIAm":1.04898,"NGRID":31,"OPIA":100,"RSCCS":0.983815,"RSR":0.0305626,"SRSR":0.0105276,"asymID":"A","compID":"GLY","pdb":{"compID":"GLY","insCode":"","seqNum":124,"strandID":"A"},"seqID":124},{"EDIAm":0.986486,"NGRID":57,"OPIA":85.7143,"RSCCS":0.967512,"RSR":0.0510323,"SRSR":0.00763045,"asymID":"A","compID":"VAL","pdb":{"compID":"VAL","insCode":"","seqNum":125,"strandID":"A"},"seqID":125},{"EDIAm":1.01233,"NGRID":115,"OPIA":100,"RSCCS":0.987317,"RSR":0.0313702,"SRSR":0.00666225,"asymID":"A","compID":"TYR","pdb":{"compID":"TYR","insCode":"","seqNum":126,"strandID":"A"},"seqID":126},{"EDIAm":1.02754,"NGRID":88,"OPIA":100,"RSCCS":0.96851,"RSR":0.0569625,"SRSR":0.00666302,"asymID":"A","compID":"GLN","pdb":{"compID":"GLN","insCode":"","seqNum":127,"strandID":"A"},"seqID":127},{"EDIAm":0.921655,"NGRID":66,"OPIA":83.3333,"RSCCS":0.945938,"RSR":0.0705044,"SRSR":0.00701267,"asymID":"A","compID":"CYS","pdb":{"compID":"CYS","insCode":"","seqNum":128,"strandID":"A"},"seqID":128},{"EDIAm":1.04154,"NGRID":48,"OPIA":100,"RSCCS":0.985268,"RSR":0.0345709,"SRSR":0.00894791,"asymID":"A","compID":"ALA","pdb":{"compID":"ALA","insCode":"","seqNum":129,"strandID":"A"},"seqID":129},{"EDIAm":1.02576,"NGRID":68,"OPIA":100,"RSCCS":0.98948,"RSR":0.0333517,"SRSR":0.00557317,"asymID":"A","compID":"MET","pdb":{"compID":"MET","insCode":"","seqNum":130,"strandID":"A"},"seqID":130},{"EDIAm":1.038,"NGRID":88,"OPIA":100,"RSCCS":0.977171,"RSR":0.0392509,"SRSR":0.00607162,"asymID":"A","compID":"ARG","pdb":{"compID":"ARG","insCode":"","seqNum":131,"strandID":"A"},"seqID":131},{"EDIAm":1.05868,"NGRID":55,"OPIA":100,"RSCCS":0.978172,"RSR":0.0439634,"SRSR":0.00859201,"asymID":"A","compID":"PRO","pdb":{"compID":"PRO","insCode":"","seqNum":132,"strandID":"A"},"seqID":132},{"EDIAm":1.02959,"NGRID":58,"OPIA":100,"RSCCS":0.982851,"RSR":0.0299013,"SRSR":0.00696417,"asymID":"A","compID":"ASN","pdb":{"compID":"ASN","insCode":"","seqNum":133,"strandID":"A"},"seqID":133},{"EDIAm":1.05166,"NGRID":90,"OPIA":100,"RSCCS":0.991116,"RSR":0.0234328,"SRSR":0.00604805,"asymID":"A","compID":"PHE","pdb":{"compID":"PHE","insCode":"","seqNum":134,"strandID":"A"},"seqID":134},{"EDIAm":1.06168,"NGRID":53,"OPIA":100,"RSCCS":0.991292,"RSR":0.0296419,"SRSR":0.00705201,"asymID":"A","compID":"THR","pdb":{"compID":"THR","insCode":"","seqNum":135,"strandID":"A"},"seqID":135},{"EDIAm":1.0036,"NGRID":72,"OPIA":100,"RSCCS":0.978495,"RSR":0.0425754,"SRSR":0.00747729,"asymID":"A","compID":"ILE","pdb":{"compID":"ILE","insCode":"","seqNum":136,"strandID":"A"},"seqID":136},{"EDIAm":0.823307,"NGRID":115,"OPIA":66.6667,"RSCCS":0.968432,"RSR":0.0743108,"SRSR":0.00938402,"asymID":"A","compID":"LYS","pdb":{"compID":"LYS","insCode":"","seqNum":137,"strandID":"A"},"seqID":137},{"EDIAm":1.01794,"NGRID":36,"OPIA":100,"RSCCS":0.977899,"RSR":0.0342446,"SRSR":0.0107976,"asymID":"A","compID":"GLY","pdb":{"compID":"GLY","insCode":"","seqNum":138,"strandID":"A"},"seqID":138},{"EDIAm":1.08061,"NGRID":45,"OPIA":100,"RSCCS":0.988191,"RSR":0.0236914,"SRSR":0.00788522,"asymID":"A","compID":"SER","pdb":{"compID":"SER","insCode":"","seqNum":139,"strandID":"A"},"seqID":139},{"EDIAm":1.02003,"NGRID":102,"OPIA":100,"RSCCS":0.968617,"RSR":0.0446314,"SRSR":0.00711525,"asymID":"A","compID":"PHE","pdb":{"compID":"PHE","insCode":"","seqNum":140,"strandID":"A"},"seqID":140},{"EDIAm":0.950736,"NGRID":81,"OPIA":75,"RSCCS":0.971382,"RSR":0.042698,"SRSR":0.00960482,"asymID":"A","compID":"LEU","pdb":{"compID":"LEU","insCode":"","seqNum":141,"strandID":"A"},"seqID":141},{"EDIAm":0.614289,"NGRID":90,"OPIA":75,"RSCCS":0.962671,"RSR":0.0745992,"SRSR":0.0114335,"asymID":"A","compID":"ASN","pdb":{"compID":"ASN","insCode":"","seqNum":142,"strandID":"A"},"seqID":142},{"EDIAm":0.9687,"NGRID":36,"OPIA":100,"RSCCS":0.98043,"RSR":0.0418831,"SRSR":0.0129201,"asymID":"A","compID":"GLY","pdb":{"compID":"GLY","insCode":"","seqNum":143,"strandID":"A"},"seqID":143},{"EDIAm":1.00756,"NGRID":48,"OPIA":100,"RSCCS":0.975983,"RSR":0.0392359,"SRSR":0.0087446,"asymID":"A","compID":"SER","pdb":{"compID":"SER","insCode":"","seqNum":144,"strandID":"A"},"seqID":144},{"EDIAm":1.00475,"NGRID":49,"OPIA":100,"RSCCS":0.988088,"RSR":0.0317912,"SRSR":0.00707951,"asymID":"A","compID":"CYS","pdb":{"compID":"CYS","insCode":"","seqNum":145,"strandID":"A"},"seqID":145},{"EDIAm":1.04277,"NGRID":31,"OPIA":100,"RSCCS":0.990472,"RSR":0.0264701,"SRSR":0.00942934,"asymID":"A","compID":"GLY","pdb":{"compID":"GLY","insCode":"","seqNum":146,"strandID":"A"},"seqID":146},{"EDIAm":1.07111,"NGRID":46,"OPIA":100,"RSCCS":0.988812,"RSR":0.0317825,"SRSR":0.00743755,"asymID":"A","compID":"SER","pdb":{"compID":"SER","insCode":"","seqNum":147,"strandID":"A"},"seqID":147},{"EDIAm":1.02958,"NGRID":52,"OPIA":100,"RSCCS":0.98797,"RSR":0.0262054,"SRSR":0.00715281,"asymID":"A","compID":"VAL","pdb":{"compID":"VAL","insCode":"","seqNum":148,"strandID":"A"},"seqID":148},{"EDIAm":1.04556,"NGRID":30,"OPIA":100,"RSCCS":0.988477,"RSR":0.0274173,"SRSR":0.00860676,"asymID":"A","compID":"GLY","pdb":{"compID":"GLY","insCode":"","seqNum":149,"strandID":"A"},"seqID":149},{"EDIAm":1.04883,"NGRID":93,"OPIA":100,"RSCCS":0.984726,"RSR":0.0336245,"SRSR":0.00628243,"asymID":"A","compID":"PHE","pdb":{"compID":"PHE","insCode":"","seqNum":150,"strandID":"A"},"seqID":150},{"EDIAm":1.00973,"NGRID":68,"OPIA":100,"RSCCS":0.974908,"RSR":0.037382,"SRSR":0.00797461,"asymID":"A","compID":"ASN","pdb":{"compID":"ASN","insCode":"","seqNum":151,"strandID":"A"},"seqID":151},{"EDIAm":0.917762,"NGRID":83,"OPIA":87.5,"RSCCS":0.965735,"RSR":0.0490475,"SRSR":0.00838687,"asymID":"A","compID":"ILE","pdb":{"compID":"ILE","insCode":"","seqNum":152,"strandID":"A"},"seqID":152},{"EDIAm":0.719703,"NGRID":140,"OPIA":50,"RSCCS":0.957071,"RSR":0.0521311,"SRSR":0.0109981,"asymID":"A","compID":"ASP","pdb":{"compID":"ASP","insCode":"","seqNum":153,"strandID":"A"},"seqID":153},{"EDIAm":0.285789,"NGRID":216,"OPIA":25,"RSCCS":0.885134,"RSR":0.103217,"SRSR":0.0111193,"asymID":"A","compID":"TYR","pdb":{"compID":"TYR","insCode":"","seqNum":154,"strandID":"A"},"seqID":154},{"EDIAm":0.794875,"NGRID":109,"OPIA":62.5,"RSCCS":0.950177,"RSR":0.0585106,"SRSR":0.0110245,"asymID":"A","compID":"ASP","pdb":{"compID":"ASP","insCode":"","seqNum":155,"strandID":"A"},"seqID":155},{"EDIAm":0.961901,"NGRID":58,"OPIA":100,"RSCCS":0.973568,"RSR":0.0414815,"SRSR":0.00760986,"asymID":"A","compID":"CYS","pdb":{"compID":"CYS","insCode":"","seqNum":156,"strandID":"A"},"seqID":156},{"EDIAm":0.937483,"NGRID":54,"OPIA":85.7143,"RSCCS":0.97311,"RSR":0.0441281,"SRSR":0.00898512,"asymID":"A","compID":"VAL","pdb":{"compID":"VAL","insCode":"","seqNum":157,"strandID":"A"},"seqID":157},{"EDIAm":1.03648,"NGRID":49,"OPIA":100,"RSCCS":0.964311,"RSR":0.0468555,"SRSR":0.00819233,"asymID":"A","compID":"SER","pdb":{"compID":"SER","insCode":"","seqNum":158,"strandID":"A"},"seqID":158},{"EDIAm":1.04063,"NGRID":86,"OPIA":100,"RSCCS":0.987025,"RSR":0.0323916,"SRSR":0.00612032,"asymID":"A","compID":"PHE","pdb":{"compID":"PHE","insCode":"","seqNum":159,"strandID":"A"},"seqID":159},{"EDIAm":1.06466,"NGRID":47,"OPIA":100,"RSCCS":0.993029,"RSR":0.0275673,"SRSR":0.00638458,"asymID":"A","compID":"CYS","pdb":{"compID":"CYS","insCode":"","seqNum":160,"strandID":"A"},"seqID":160},{"EDIAm":1.04572,"NGRID":86,"OPIA":100,"RSCCS":0.990604,"RSR":0.0264701,"SRSR":0.00522755,"asymID":"A","compID":"TYR","pdb":{"compID":"TYR","insCode":"","seqNum":161,"strandID":"A"},"seqID":161},{"EDIAm":0.987814,"NGRID":61,"OPIA":100,"RSCCS":0.993352,"RSR":0.037049,"SRSR":0.0062849,"asymID":"A","compID":"MET","pdb":{"compID":"MET","insCode":"","seqNum":162,"strandID":"A"},"seqID":162},{"EDIAm":1.03982,"NGRID":75,"OPIA":100,"RSCCS":0.980376,"RSR":0.0362623,"SRSR":0.00631796,"asymID":"A","compID":"HIS","pdb":{"compID":"HIS","insCode":"","seqNum":163,"strandID":"A"},"seqID":163},{"EDIAm":1.01517,"NGRID":78,"OPIA":100,"RSCCS":0.981304,"RSR":0.0474029,"SRSR":0.0075382,"asymID":"A","compID":"HIS","pdb":{"compID":"HIS","insCode":"","seqNum":164,"strandID":"A"},"seqID":164},{"EDIAm":0.948058,"NGRID":76,"OPIA":75,"RSCCS":0.955893,"RSR":0.0590609,"SRSR":0.00762788,"asymID":"A","compID":"MET","pdb":{"compID":"MET","insCode":"","seqNum":165,"strandID":"A"},"seqID":165},{"EDIAm":1.0007,"NGRID":81,"OPIA":100,"RSCCS":0.952473,"RSR":0.0582353,"SRSR":0.00829524,"asymID":"A","compID":"GLU","pdb":{"compID":"GLU","insCode":"","seqNum":166,"strandID":"A"},"seqID":166},{"EDIAm":0.925907,"NGRID":83,"OPIA":87.5,"RSCCS":0.968429,"RSR":0.0472952,"SRSR":0.00901064,"asymID":"A","compID":"LEU","pdb":{"compID":"LEU","insCode":"","seqNum":167,"strandID":"A"},"seqID":167},{"EDIAm":0.840497,"NGRID":89,"OPIA":57.1429,"RSCCS":0.912099,"RSR":0.0730541,"SRSR":0.0114193,"asymID":"A","compID":"PRO","pdb":{"compID":"PRO","insCode":"","seqNum":168,"strandID":"A"},"seqID":168},{"EDIAm":0.880793,"NGRID":78,"OPIA":85.7143,"RSCCS":0.919991,"RSR":0.0674565,"SRSR":0.00960402,"asymID":"A","compID":"THR","pdb":{"compID":"THR","insCode":"","seqNum":169,"strandID":"A"},"seqID":169},{"EDIAm":1.04815,"NGRID":40,"OPIA":100,"RSCCS":0.954092,"RSR":0.0500319,"SRSR":0.0114925,"asymID":"A","compID":"GLY","pdb":{"compID":"GLY","insCode":"","seqNum":170,"strandID":"A"},"seqID":170},{"EDIAm":0.949273,"NGRID":59,"OPIA":85.7143,"RSCCS":0.977554,"RSR":0.0432886,"SRSR":0.00909571,"asymID":"A","compID":"VAL","pdb":{"compID":"VAL","insCode":"","seqNum":171,"strandID":"A"},"seqID":171},{"EDIAm":1.05397,"NGRID":77,"OPIA":100,"RSCCS":0.985114,"RSR":0.0288736,"SRSR":0.00661604,"asymID":"A","compID":"HIS","pdb":{"compID":"HIS","insCode":"","seqNum":172,"strandID":"A"},"seqID":172},{"EDIAm":1.04675,"NGRID":38,"OPIA":100,"RSCCS":0.991948,"RSR":0.0237749,"SRSR":0.00860741,"asymID":"A","compID":"ALA","pdb":{"compID":"ALA","insCode":"","seqNum":173,"strandID":"A"},"seqID":173},{"EDIAm":1.06374,"NGRID":29,"OPIA":100,"RSCCS":0.98872,"RSR":0.026558,"SRSR":0.00936502,"asymID":"A","compID":"GLY","pdb":{"compID":"GLY","insCode":"","seqNum":174,"strandID":"A"},"seqID":174},{"EDIAm":1.011,"NGRID":51,"OPIA":100,"RSCCS":0.979323,"RSR":0.0441729,"SRSR":0.00777826,"asymID":"A","compID":"THR","pdb":{"compID":"THR","insCode":"","seqNum":175,"strandID":"A"},"seqID":175},{"EDIAm":1.046,"NGRID":61,"OPIA":100,"RSCCS":0.989722,"RSR":0.0263356,"SRSR":0.00647226,"asymID":"A","compID":"ASP","pdb":{"compID":"ASP","insCode":"","seqNum":176,"strandID":"A"},"seqID":176},{"EDIAm":0.983484,"NGRID":63,"OPIA":87.5,"RSCCS":0.971522,"RSR":0.0631212,"SRSR":0.00908763,"asymID":"A","compID":"LEU","pdb":{"compID":"LEU","insCode":"","seqNum":177,"strandID":"A"},"seqID":177},{"EDIAm":1.00784,"NGRID":86,"OPIA":100,"RSCCS":0.958482,"RSR":0.0590728,"SRSR":0.00756996,"asymID":"A","compID":"GLU","pdb":{"compID":"GLU","insCode":"","seqNum":178,"strandID":"A"},"seqID":178},{"EDIAm":1.06441,"NGRID":28,"OPIA":100,"RSCCS":0.988464,"RSR":0.02761,"SRSR":0.00941874,"asymID":"A","compID":"GLY","pdb":{"compID":"GLY","insCode":"","seqNum":179,"strandID":"A"},"seqID":179},{"EDIAm":1.03714,"NGRID":58,"OPIA":100,"RSCCS":0.987943,"RSR":0.028017,"SRSR":0.00667871,"asymID":"A","compID":"ASN","pdb":{"compID":"ASN","insCode":"","seqNum":180,"strandID":"A"},"seqID":180},{"EDIAm":1.01293,"NGRID":77,"OPIA":100,"RSCCS":0.973443,"RSR":0.0529945,"SRSR":0.00681899,"asymID":"A","compID":"PHE","pdb":{"compID":"PHE","insCode":"","seqNum":181,"strandID":"A"},"seqID":181},{"EDIAm":1.04888,"NGRID":86,"OPIA":100,"RSCCS":0.987074,"RSR":0.030358,"SRSR":0.00548789,"asymID":"A","compID":"TYR","pdb":{"compID":"TYR","insCode":"","seqNum":182,"strandID":"A"},"seqID":182},{"EDIAm":1.06005,"NGRID":28,"OPIA":100,"RSCCS":0.988629,"RSR":0.0307576,"SRSR":0.00938511,"asymID":"A","compID":"GLY","pdb":{"compID":"GLY","insCode":"","seqNum":183,"strandID":"A"},"seqID":183},{"EDIAm":1.02565,"NGRID":59,"OPIA":100,"RSCCS":0.972613,"RSR":0.0390106,"SRSR":0.00861097,"asymID":"A","compID":"PRO","pdb":{"compID":"PRO","insCode":"","seqNum":184,"strandID":"A"},"seqID":184},{"EDIAm":1.03661,"NGRID":85,"OPIA":100,"RSCCS":0.968967,"RSR":0.0438398,"SRSR":0.00657415,"asymID":"A","compID":"PHE","pdb":{"compID":"PHE","insCode":"","seqNum":185,"strandID":"A"},"seqID":185},{"EDIAm":0.99851,"NGRID":56,"OPIA":100,"RSCCS":0.985491,"RSR":0.035557,"SRSR":0.00907567,"asymID":"A","compID":"VAL","pdb":{"compID":"VAL","insCode":"","seqNum":186,"strandID":"A"},"seqID":186},{"EDIAm":0.9705,"NGRID":64,"OPIA":87.5,"RSCCS":0.971267,"RSR":0.0442803,"SRSR":0.00845826,"asymID":"A","compID":"ASP","pdb":{"compID":"ASP","insCode":"","seqNum":187,"strandID":"A"},"seqID":187},{"EDIAm":0.747186,"NGRID":160,"OPIA":63.6364,"RSCCS":0.937127,"RSR":0.0865703,"SRSR":0.00991906,"asymID":"A","compID":"ARG","pdb":{"compID":"ARG","insCode":"","seqNum":188,"strandID":"A"},"seqID":188},{"EDIAm":0.803329,"NGRID":132,"OPIA":77.7778,"RSCCS":0.925245,"RSR":0.0705858,"SRSR":0.00994415,"asymID":"A","compID":"GLN","pdb":{"compID":"GLN","insCode":"","seqNum":189,"strandID":"A"},"seqID":189},{"EDIAm":0.940708,"NGRID":69,"OPIA":85.7143,"RSCCS":0.952025,"RSR":0.0478283,"SRSR":0.00985254,"asymID":"A","compID":"THR","pdb":{"compID":"THR","insCode":"","seqNum":190,"strandID":"A"},"seqID":190},{"EDIAm":0.834302,"NGRID":52,"OPIA":60,"RSCCS":0.948102,"RSR":0.0516696,"SRSR":0.0129362,"asymID":"A","compID":"ALA","pdb":{"compID":"ALA","insCode":"","seqNum":191,"strandID":"A"},"seqID":191},{"EDIAm":0.988188,"NGRID":79,"OPIA":100,"RSCCS":0.969034,"RSR":0.0583817,"SRSR":0.00744062,"asymID":"A","compID":"GLN","pdb":{"compID":"GLN","insCode":"","seqNum":192,"strandID":"A"},"seqID":192},{"EDIAm":1.01012,"NGRID":44,"OPIA":100,"RSCCS":0.950027,"RSR":0.0749209,"SRSR":0.00943693,"asymID":"A","compID":"ALA","pdb":{"compID":"ALA","insCode":"","seqNum":193,"strandID":"A"},"seqID":193},{"EDIAm":0.944642,"NGRID":46,"OPIA":80,"RSCCS":0.981741,"RSR":0.0370135,"SRSR":0.010275,"asymID":"A","compID":"ALA","pdb":{"compID":"ALA","insCode":"","seqNum":194,"strandID":"A"},"seqID":194},{"EDIAm":0.990759,"NGRID":36,"OPIA":100,"RSCCS":0.959022,"RSR":0.0454482,"SRSR":0.0108245,"asymID":"A","compID":"GLY","pdb":{"compID":"GLY","insCode":"","seqNum":195,"strandID":"A"},"seqID":195},{"EDIAm":0.897424,"NGRID":71,"OPIA":71.4286,"RSCCS":0.939344,"RSR":0.0656561,"SRSR":0.0107866,"asymID":"A","compID":"THR","pdb":{"compID":"THR","insCode":"","seqNum":196,"strandID":"A"},"seqID":196},{"EDIAm":1.02327,"NGRID":69,"OPIA":100,"RSCCS":0.962263,"RSR":0.0448687,"SRSR":0.00806054,"asymID":"A","compID":"ASP","pdb":{"compID":"ASP","insCode":"","seqNum":197,"strandID":"A"},"seqID":197},{"EDIAm":0.843235,"NGRID":66,"OPIA":85.7143,"RSCCS":0.976439,"RSR":0.0480987,"SRSR":0.00967377,"asymID":"A","compID":"THR","pdb":{"compID":"THR","insCode":"","seqNum":198,"strandID":"A"},"seqID":198},{"EDIAm":0.981054,"NGRID":54,"OPIA":85.7143,"RSCCS":0.985194,"RSR":0.0320134,"SRSR":0.0082463,"asymID":"A","compID":"THR","pdb":{"compID":"THR","insCode":"","seqNum":199,"strandID":"A"},"seqID":199},{"EDIAm":1.0157,"NGRID":59,"OPIA":100,"RSCCS":0.979546,"RSR":0.0396779,"SRSR":0.00773348,"asymID":"A","compID":"ILE","pdb":{"compID":"ILE","insCode":"","seqNum":200,"strandID":"A"},"seqID":200},{"EDIAm":1.01372,"NGRID":54,"OPIA":100,"RSCCS":0.981466,"RSR":0.0380315,"SRSR":0.00753618,"asymID":"A","compID":"THR","pdb":{"compID":"THR","insCode":"","seqNum":201,"strandID":"A"},"seqID":201},{"EDIAm":1.00708,"NGRID":52,"OPIA":100,"RSCCS":0.981264,"RSR":0.0342251,"SRSR":0.00756139,"asymID":"A","compID":"VAL","pdb":{"compID":"VAL","insCode":"","seqNum":202,"strandID":"A"},"seqID":202},{"EDIAm":1.03395,"NGRID":56,"OPIA":100,"RSCCS":0.985939,"RSR":0.0305897,"SRSR":0.00643167,"asymID":"A","compID":"ASN","pdb":{"compID":"ASN","insCode":"","seqNum":203,"strandID":"A"},"seqID":203},{"EDIAm":1.01052,"NGRID":51,"OPIA":100,"RSCCS":0.987797,"RSR":0.0324159,"SRSR":0.007685,"asymID":"A","compID":"VAL","pdb":{"compID":"VAL","insCode":"","seqNum":204,"strandID":"A"},"seqID":204},{"EDIAm":0.997577,"NGRID":56,"OPIA":100,"RSCCS":0.982145,"RSR":0.0331253,"SRSR":0.00813982,"asymID":"A","compID":"LEU","pdb":{"compID":"LEU","insCode":"","seqNum":205,"strandID":"A"},"seqID":205},{"EDIAm":1.02146,"NGRID":34,"OPIA":100,"RSCCS":0.975895,"RSR":0.0377209,"SRSR":0.00934253,"asymID":"A","compID":"ALA","pdb":{"compID":"ALA","insCode":"","seqNum":206,"strandID":"A"},"seqID":206},{"EDIAm":1.04295,"NGRID":105,"OPIA":100,"RSCCS":0.983721,"RSR":0.0340018,"SRSR":0.00552531,"asymID":"A","compID":"TRP","pdb":{"compID":"TRP","insCode":"","seqNum":207,"strandID":"A"},"seqID":207},{"EDIAm":1.02464,"NGRID":55,"OPIA":100,"RSCCS":0.982412,"RSR":0.0480387,"SRSR":0.00696113,"asymID":"A","compID":"LEU","pdb":{"compID":"LEU","insCode":"","seqNum":208,"strandID":"A"},"seqID":208},{"EDIAm":0.999166,"NGRID":89,"OPIA":100,"RSCCS":0.985527,"RSR":0.0311929,"SRSR":0.00684059,"asymID":"A","compID":"TYR","pdb":{"compID":"TYR","insCode":"","seqNum":209,"strandID":"A"},"seqID":209},{"EDIAm":1.00929,"NGRID":35,"OPIA":100,"RSCCS":0.976816,"RSR":0.032752,"SRSR":0.0092773,"asymID":"A","compID":"ALA","pdb":{"compID":"ALA","insCode":"","seqNum":210,"strandID":"A"},"seqID":210},{"EDIAm":1.00263,"NGRID":35,"OPIA":100,"RSCCS":0.992237,"RSR":0.0322577,"SRSR":0.00910445,"asymID":"A","compID":"ALA","pdb":{"compID":"ALA","insCode":"","seqNum":211,"strandID":"A"},"seqID":211},{"EDIAm":0.938194,"NGRID":52,"OPIA":100,"RSCCS":0.9863,"RSR":0.0287441,"SRSR":0.00838116,"asymID":"A","compID":"VAL","pdb":{"compID":"VAL","insCode":"","seqNum":212,"strandID":"A"},"seqID":212},{"EDIAm":0.907167,"NGRID":64,"OPIA":75,"RSCCS":0.977014,"RSR":0.0339495,"SRSR":0.00874893,"asymID":"A","compID":"ILE","pdb":{"compID":"ILE","insCode":"","seqNum":213,"strandID":"A"},"seqID":213},{"EDIAm":0.937501,"NGRID":76,"OPIA":87.5,"RSCCS":0.956154,"RSR":0.0529005,"SRSR":0.0087474,"asymID":"A","compID":"ASN","pdb":{"compID":"ASN","insCode":"","seqNum":214,"strandID":"A"},"seqID":214},{"EDIAm":0.949746,"NGRID":34,"OPIA":100,"RSCCS":0.945352,"RSR":0.0584438,"SRSR":0.0122541,"asymID":"A","compID":"GLY","pdb":{"compID":"GLY","insCode":"","seqNum":215,"strandID":"A"},"seqID":215},{"EDIAm":0.931074,"NGRID":76,"OPIA":87.5,"RSCCS":0.972039,"RSR":0.0408239,"SRSR":0.0092971,"asymID":"A","compID":"ASP","pdb":{"compID":"ASP","insCode":"","seqNum":216,"strandID":"A"},"seqID":216},{"EDIAm":0.901441,"NGRID":85,"OPIA":90.9091,"RSCCS":0.962596,"RSR":0.0534892,"SRSR":0.00805235,"asymID":"A","compID":"ARG","pdb":{"compID":"ARG","insCode":"","seqNum":217,"strandID":"A"},"seqID":217},{"EDIAm":0.97848,"NGRID":96,"OPIA":100,"RSCCS":0.984045,"RSR":0.0313263,"SRSR":0.0065055,"asymID":"A","compID":"TRP","pdb":{"compID":"TRP","insCode":"","seqNum":218,"strandID":"A"},"seqID":218},{"EDIAm":0.993938,"NGRID":78,"OPIA":100,"RSCCS":0.988206,"RSR":0.0288533,"SRSR":0.00669226,"asymID":"A","compID":"PHE","pdb":{"compID":"PHE","insCode":"","seqNum":219,"strandID":"A"},"seqID":219},{"EDIAm":0.914493,"NGRID":57,"OPIA":87.5,"RSCCS":0.972267,"RSR":0.0423677,"SRSR":0.00881637,"asymID":"A","compID":"LEU","pdb":{"compID":"LEU","insCode":"","seqNum":220,"strandID":"A"},"seqID":220},{"EDIAm":0.915477,"NGRID":62,"OPIA":100,"RSCCS":0.957162,"RSR":0.0458519,"SRSR":0.00878561,"asymID":"A","compID":"ASN","pdb":{"compID":"ASN","insCode":"","seqNum":221,"strandID":"A"},"seqID":221},{"EDIAm":0.74326,"NGRID":109,"OPIA":54.5455,"RSCCS":0.948254,"RSR":0.0545317,"SRSR":0.0104928,"asymID":"A","compID":"ARG","pdb":{"compID":"ARG","insCode":"","seqNum":222,"strandID":"A"},"seqID":222},{"EDIAm":0.809623,"NGRID":94,"OPIA":63.6364,"RSCCS":0.97206,"RSR":0.047176,"SRSR":0.00956755,"asymID":"A","compID":"PHE","pdb":{"compID":"PHE","insCode":"","seqNum":223,"strandID":"A"},"seqID":223},{"EDIAm":0.748594,"NGRID":72,"OPIA":57.1429,"RSCCS":0.939223,"RSR":0.071962,"SRSR":0.0104688,"asymID":"A","compID":"THR","pdb":{"compID":"THR","insCode":"","seqNum":224,"strandID":"A"},"seqID":224},{"EDIAm":0.767869,"NGRID":79,"OPIA":71.4286,"RSCCS":0.921846,"RSR":0.068246,"SRSR":0.0119787,"asymID":"A","compID":"THR","pdb":{"compID":"THR","insCode":"","seqNum":225,"strandID":"A"},"seqID":225},{"EDIAm":0.707097,"NGRID":74,"OPIA":71.4286,"RSCCS":0.973955,"RSR":0.043643,"SRSR":0.0107521,"asymID":"A","compID":"THR","pdb":{"compID":"THR","insCode":"","seqNum":226,"strandID":"A"},"seqID":226},{"EDIAm":0.639627,"NGRID":89,"OPIA":50,"RSCCS":0.950717,"RSR":0.0845555,"SRSR":0.0101145,"asymID":"A","compID":"LEU","pdb":{"compID":"LEU","insCode":"","seqNum":227,"strandID":"A"},"seqID":227},{"EDIAm":0.528208,"NGRID":103,"OPIA":50,"RSCCS":0.911386,"RSR":0.0929031,"SRSR":0.0108097,"asymID":"A","compID":"ASN","pdb":{"compID":"ASN","insCode":"","seqNum":228,"strandID":"A"},"seqID":228},{"EDIAm":0.726838,"NGRID":79,"OPIA":62.5,"RSCCS":0.900837,"RSR":0.0692956,"SRSR":0.0108605,"asymID":"A","compID":"ASP","pdb":{"compID":"ASP","insCode":"","seqNum":229,"strandID":"A"},"seqID":229},{"EDIAm":0.899886,"NGRID":111,"OPIA":90.9091,"RSCCS":0.948933,"RSR":0.0524254,"SRSR":0.00860025,"asymID":"A","compID":"PHE","pdb":{"compID":"PHE","insCode":"","seqNum":230,"strandID":"A"},"seqID":230},{"EDIAm":0.872188,"NGRID":90,"OPIA":75,"RSCCS":0.944601,"RSR":0.0735125,"SRSR":0.00909576,"asymID":"A","compID":"ASN","pdb":{"compID":"ASN","insCode":"","seqNum":231,"strandID":"A"},"seqID":231},{"EDIAm":0.550806,"NGRID":117,"OPIA":75,"RSCCS":0.949731,"RSR":0.0789437,"SRSR":0.0107063,"asymID":"A","compID":"LEU","pdb":{"compID":"LEU","insCode":"","seqNum":232,"strandID":"A"},"seqID":232},{"EDIAm":0.596581,"NGRID":103,"OPIA":42.8571,"RSCCS":0.95056,"RSR":0.0651437,"SRSR":0.0116725,"asymID":"A","compID":"VAL","pdb":{"compID":"VAL","insCode":"","seqNum":233,"strandID":"A"},"seqID":233},{"EDIAm":0.752004,"NGRID":78,"OPIA":60,"RSCCS":0.899472,"RSR":0.105192,"SRSR":0.0116304,"asymID":"A","compID":"ALA","pdb":{"compID":"ALA","insCode":"","seqNum":234,"strandID":"A"},"seqID":234},{"EDIAm":0.446718,"NGRID":151,"OPIA":37.5,"RSCCS":0.925125,"RSR":0.0966687,"SRSR":0.0106267,"asymID":"A","compID":"MET","pdb":{"compID":"MET","insCode":"","seqNum":235,"strandID":"A"},"seqID":235},{"EDIAm":0.367326,"NGRID":121,"OPIA":44.4444,"RSCCS":0.941644,"RSR":0.0709865,"SRSR":0.0104022,"asymID":"A","compID":"LYS","pdb":{"compID":"LYS","insCode":"","seqNum":236,"strandID":"A"},"seqID":236},{"EDIAm":0.880791,"NGRID":123,"OPIA":83.3333,"RSCCS":0.966542,"RSR":0.0412415,"SRSR":0.00912587,"asymID":"A","compID":"TYR","pdb":{"compID":"TYR","insCode":"","seqNum":237,"strandID":"A"},"seqID":237},{"EDIAm":0.803544,"NGRID":96,"OPIA":75,"RSCCS":0.942133,"RSR":0.0745629,"SRSR":0.0101622,"asymID":"A","compID":"ASN","pdb":{"compID":"ASN","insCode":"","seqNum":238,"strandID":"A"},"seqID":238},{"EDIAm":1.03459,"NGRID":99,"OPIA":100,"RSCCS":0.985681,"RSR":0.0306412,"SRSR":0.00655032,"asymID":"A","compID":"TYR","pdb":{"compID":"TYR","insCode":"","seqNum":239,"strandID":"A"},"seqID":239},{"EDIAm":0.927891,"NGRID":124,"OPIA":77.7778,"RSCCS":0.940185,"RSR":0.0654785,"SRSR":0.00861623,"asymID":"A","compID":"GLU","pdb":{"compID":"GLU","insCode":"","seqNum":240,"strandID":"A"},"seqID":240},{"EDIAm":0.883939,"NGRID":89,"OPIA":71.4286,"RSCCS":0.927036,"RSR":0.0717729,"SRSR":0.0111988,"asymID":"A","compID":"PRO","pdb":{"compID":"PRO","insCode":"","seqNum":241,"strandID":"A"},"seqID":241},{"EDIAm":0.881732,"NGRID":88,"OPIA":75,"RSCCS":0.955531,"RSR":0.0560012,"SRSR":0.00978674,"asymID":"A","compID":"LEU","pdb":{"compID":"LEU","insCode":"","seqNum":242,"strandID":"A"},"seqID":242},{"EDIAm":0.885309,"NGRID":77,"OPIA":85.7143,"RSCCS":0.933757,"RSR":0.0758306,"SRSR":0.00865842,"asymID":"A","compID":"THR","pdb":{"compID":"THR","insCode":"","seqNum":243,"strandID":"A"},"seqID":243},{"EDIAm":0.867427,"NGRID":100,"OPIA":88.8889,"RSCCS":0.959193,"RSR":0.0510287,"SRSR":0.00898473,"asymID":"A","compID":"GLN","pdb":{"compID":"GLN","insCode":"","seqNum":244,"strandID":"A"},"seqID":244},{"EDIAm":0.755657,"NGRID":104,"OPIA":62.5,"RSCCS":0.902261,"RSR":0.0913294,"SRSR":0.010944,"asymID":"A","compID":"ASP","pdb":{"compID":"ASP","insCode":"","seqNum":245,"strandID":"A"},"seqID":245},{"EDIAm":0.956544,"NGRID":111,"OPIA":100,"RSCCS":0.945235,"RSR":0.0550321,"SRSR":0.00851497,"asymID":"A","compID":"HIS","pdb":{"compID":"HIS","insCode":"","seqNum":246,"strandID":"A"},"seqID":246},{"EDIAm":0.855144,"NGRID":77,"OPIA":85.7143,"RSCCS":0.96074,"RSR":0.0538218,"SRSR":0.0104046,"asymID":"A","compID":"VAL","pdb":{"compID":"VAL","insCode":"","seqNum":247,"strandID":"A"},"seqID":247},{"EDIAm":0.835381,"NGRID":90,"OPIA":75,"RSCCS":0.94185,"RSR":0.0573582,"SRSR":0.0102844,"asymID":"A","compID":"ASP","pdb":{"compID":"ASP","insCode":"","seqNum":248,"strandID":"A"},"seqID":248},{"EDIAm":0.693798,"NGRID":97,"OPIA":75,"RSCCS":0.955133,"RSR":0.0643121,"SRSR":0.00982639,"asymID":"A","compID":"ILE","pdb":{"compID":"ILE","insCode":"","seqNum":249,"strandID":"A"},"seqID":249},{"EDIAm":0.948369,"NGRID":73,"OPIA":87.5,"RSCCS":0.951337,"RSR":0.055588,"SRSR":0.00893754,"asymID":"A","compID":"LEU","pdb":{"compID":"LEU","insCode":"","seqNum":250,"strandID":"A"},"seqID":250},{"EDIAm":0.844739,"NGRID":39,"OPIA":75,"RSCCS":0.954896,"RSR":0.0504162,"SRSR":0.0144657,"asymID":"A","compID":"GLY","pdb":{"compID":"GLY","insCode":"","seqNum":251,"strandID":"A"},"seqID":251},{"EDIAm":0.884282,"NGRID":74,"OPIA":85.7143,"RSCCS":0.968798,"RSR":0.0411931,"SRSR":0.0105239,"asymID":"A","compID":"PRO","pdb":{"compID":"PRO","insCode":"","seqNum":252,"strandID":"A"},"seqID":252},{"EDIAm":0.900265,"NGRID":72,"OPIA":75,"RSCCS":0.969497,"RSR":0.0448964,"SRSR":0.00925694,"asymID":"A","compID":"LEU","pdb":{"compID":"LEU","insCode":"","seqNum":253,"strandID":"A"},"seqID":253},{"EDIAm":0.874123,"NGRID":58,"OPIA":66.6667,"RSCCS":0.932344,"RSR":0.055315,"SRSR":0.0115794,"asymID":"A","compID":"SER","pdb":{"compID":"SER","insCode":"","seqNum":254,"strandID":"A"},"seqID":254},{"EDIAm":0.725849,"NGRID":50,"OPIA":60,"RSCCS":0.964543,"RSR":0.046813,"SRSR":0.0137951,"asymID":"A","compID":"ALA","pdb":{"compID":"ALA","insCode":"","seqNum":255,"strandID":"A"},"seqID":255},{"EDIAm":0.552688,"NGRID":121,"OPIA":66.6667,"RSCCS":0.906342,"RSR":0.0943088,"SRSR":0.0103009,"asymID":"A","compID":"GLN","pdb":{"compID":"GLN","insCode":"","seqNum":256,"strandID":"A"},"seqID":256},{"EDIAm":0.93979,"NGRID":61,"OPIA":100,"RSCCS":0.972107,"RSR":0.0410371,"SRSR":0.00947146,"asymID":"A","compID":"THR","pdb":{"compID":"THR","insCode":"","seqNum":257,"strandID":"A"},"seqID":257},{"EDIAm":0.846737,"NGRID":35,"OPIA":75,"RSCCS":0.878516,"RSR":0.0708836,"SRSR":0.014613,"asymID":"A","compID":"GLY","pdb":{"compID":"GLY","insCode":"","seqNum":258,"strandID":"A"},"seqID":258},{"EDIAm":0.913531,"NGRID":68,"OPIA":75,"RSCCS":0.968803,"RSR":0.048708,"SRSR":0.00941373,"asymID":"A","compID":"ILE","pdb":{"compID":"ILE","insCode":"","seqNum":259,"strandID":"A"},"seqID":259},{"EDIAm":0.801729,"NGRID":41,"OPIA":80,"RSCCS":0.967695,"RSR":0.0519006,"SRSR":0.0119863,"asymID":"A","compID":"ALA","pdb":{"compID":"ALA","insCode":"","seqNum":260,"strandID":"A"},"seqID":260},{"EDIAm":0.930308,"NGRID":57,"OPIA":85.7143,"RSCCS":0.968968,"RSR":0.0437505,"SRSR":0.00894506,"asymID":"A","compID":"VAL","pdb":{"compID":"VAL","insCode":"","seqNum":261,"strandID":"A"},"seqID":261},{"EDIAm":0.792426,"NGRID":71,"OPIA":87.5,"RSCCS":0.969308,"RSR":0.0441063,"SRSR":0.00979289,"asymID":"A","compID":"LEU","pdb":{"compID":"LEU","insCode":"","seqNum":262,"strandID":"A"},"seqID":262},{"EDIAm":0.932058,"NGRID":64,"OPIA":100,"RSCCS":0.958664,"RSR":0.0497966,"SRSR":0.00981161,"asymID":"A","compID":"ASP","pdb":{"compID":"ASP","insCode":"","seqNum":263,"strandID":"A"},"seqID":263},{"EDIAm":0.943117,"NGRID":60,"OPIA":100,"RSCCS":0.993735,"RSR":0.02517,"SRSR":0.0070967,"asymID":"A","compID":"MET","pdb":{"compID":"MET","insCode":"","seqNum":264,"strandID":"A"},"seqID":264},{"EDIAm":0.953071,"NGRID":47,"OPIA":83.3333,"RSCCS":0.983915,"RSR":0.0380766,"SRSR":0.00803872,"asymID":"A","compID":"CYS","pdb":{"compID":"CYS","insCode":"","seqNum":265,"strandID":"A"},"seqID":265},{"EDIAm":0.806899,"NGRID":40,"OPIA":80,"RSCCS":0.961618,"RSR":0.0501197,"SRSR":0.0115984,"asymID":"A","compID":"ALA","pdb":{"compID":"ALA","insCode":"","seqNum":266,"strandID":"A"},"seqID":266},{"EDIAm":0.945675,"NGRID":47,"OPIA":100,"RSCCS":0.962876,"RSR":0.0532147,"SRSR":0.00954313,"asymID":"A","compID":"SER","pdb":{"compID":"SER","insCode":"","seqNum":267,"strandID":"A"},"seqID":267},{"EDIAm":1.00205,"NGRID":62,"OPIA":100,"RSCCS":0.988252,"RSR":0.0286976,"SRSR":0.00828444,"asymID":"A","compID":"LEU","pdb":{"compID":"LEU","insCode":"","seqNum":268,"strandID":"A"},"seqID":268},{"EDIAm":0.75446,"NGRID":95,"OPIA":55.5556,"RSCCS":0.952474,"RSR":0.0720414,"SRSR":0.0100103,"asymID":"A","compID":"LYS","pdb":{"compID":"LYS","insCode":"","seqNum":269,"strandID":"A"},"seqID":269},{"EDIAm":0.531821,"NGRID":106,"OPIA":55.5556,"RSCCS":0.944495,"RSR":0.099654,"SRSR":0.0100317,"asymID":"A","compID":"GLU","pdb":{"compID":"GLU","insCode":"","seqNum":270,"strandID":"A"},"seqID":270},{"EDIAm":0.915948,"NGRID":71,"OPIA":75,"RSCCS":0.97589,"RSR":0.0451721,"SRSR":0.0083642,"asymID":"A","compID":"LEU","pdb":{"compID":"LEU","insCode":"","seqNum":271,"strandID":"A"},"seqID":271},{"EDIAm":0.929455,"NGRID":75,"OPIA":87.5,"RSCCS":0.96476,"RSR":0.0466581,"SRSR":0.00960032,"asymID":"A","compID":"LEU","pdb":{"compID":"LEU","insCode":"","seqNum":272,"strandID":"A"},"seqID":272},{"EDIAm":0.855342,"NGRID":96,"OPIA":66.6667,"RSCCS":0.956671,"RSR":0.0491371,"SRSR":0.00965893,"asymID":"A","compID":"GLN","pdb":{"compID":"GLN","insCode":"","seqNum":273,"strandID":"A"},"seqID":273},{"EDIAm":0.806872,"NGRID":105,"OPIA":75,"RSCCS":0.940287,"RSR":0.0593872,"SRSR":0.01115,"asymID":"A","compID":"ASN","pdb":{"compID":"ASN","insCode":"","seqNum":274,"strandID":"A"},"seqID":274},{"EDIAm":0.999903,"NGRID":40,"OPIA":100,"RSCCS":0.978458,"RSR":0.0647888,"SRSR":0.0121458,"asymID":"A","compID":"GLY","pdb":{"compID":"GLY","insCode":"","seqNum":275,"strandID":"A"},"seqID":275},{"EDIAm":0.82784,"NGRID":114,"OPIA":75,"RSCCS":0.94013,"RSR":0.0805551,"SRSR":0.00886604,"asymID":"A","compID":"MET","pdb":{"compID":"MET","insCode":"","seqNum":276,"strandID":"A"},"seqID":276},{"EDIAm":0.244094,"NGRID":151,"OPIA":25,"RSCCS":0.892081,"RSR":0.098805,"SRSR":0.0155306,"asymID":"A","compID":"ASN","pdb":{"compID":"ASN","insCode":"","seqNum":277,"strandID":"A"},"seqID":277},{"EDIAm":0.860147,"NGRID":57,"OPIA":75,"RSCCS":0.880959,"RSR":0.075509,"SRSR":0.0140653,"asymID":"A","compID":"GLY","pdb":{"compID":"GLY","insCode":"","seqNum":278,"strandID":"A"},"seqID":278},{"EDIAm":0.362357,"NGRID":187,"OPIA":45.4545,"RSCCS":0.929063,"RSR":0.086283,"SRSR":0.0095446,"asymID":"A","compID":"ARG","pdb":{"compID":"ARG","insCode":"","seqNum":279,"strandID":"A"},"seqID":279},{"EDIAm":0.968797,"NGRID":57,"OPIA":100,"RSCCS":0.98229,"RSR":0.039688,"SRSR":0.00806148,"asymID":"A","compID":"THR","pdb":{"compID":"THR","insCode":"","seqNum":280,"strandID":"A"},"seqID":280},{"EDIAm":1.02471,"NGRID":56,"OPIA":100,"RSCCS":0.985119,"RSR":0.0411826,"SRSR":0.00722476,"asymID":"A","compID":"ILE","pdb":{"compID":"ILE","insCode":"","seqNum":281,"strandID":"A"},"seqID":281},{"EDIAm":0.982869,"NGRID":67,"OPIA":87.5,"RSCCS":0.976612,"RSR":0.0386261,"SRSR":0.00787838,"asymID":"A","compID":"LEU","pdb":{"compID":"LEU","insCode":"","seqNum":282,"strandID":"A"},"seqID":282},{"EDIAm":1.03888,"NGRID":33,"OPIA":100,"RSCCS":0.975408,"RSR":0.033978,"SRSR":0.0103187,"asymID":"A","compID":"GLY","pdb":{"compID":"GLY","insCode":"","seqNum":283,"strandID":"A"},"seqID":283},{"EDIAm":1.03874,"NGRID":51,"OPIA":100,"RSCCS":0.987084,"RSR":0.0275852,"SRSR":0.00862497,"asymID":"A","compID":"SER","pdb":{"compID":"SER","insCode":"","seqNum":284,"strandID":"A"},"seqID":284},{"EDIAm":0.970298,"NGRID":43,"OPIA":80,"RSCCS":0.978287,"RSR":0.037715,"SRSR":0.0106414,"asymID":"A","compID":"ALA","pdb":{"compID":"ALA","insCode":"","seqNum":285,"strandID":"A"},"seqID":285},{"EDIAm":0.8991,"NGRID":82,"OPIA":75,"RSCCS":0.967618,"RSR":0.0607334,"SRSR":0.00812575,"asymID":"A","compID":"LEU","pdb":{"compID":"LEU","insCode":"","seqNum":286,"strandID":"A"},"seqID":286},{"EDIAm":0.979636,"NGRID":68,"OPIA":87.5,"RSCCS":0.962934,"RSR":0.0586533,"SRSR":0.00770169,"asymID":"A","compID":"LEU","pdb":{"compID":"LEU","insCode":"","seqNum":287,"strandID":"A"},"seqID":287},{"EDIAm":0.949156,"NGRID":100,"OPIA":88.8889,"RSCCS":0.941907,"RSR":0.0715369,"SRSR":0.00814853,"asymID":"A","compID":"GLU","pdb":{"compID":"GLU","insCode":"","seqNum":288,"strandID":"A"},"seqID":288},{"EDIAm":1.03056,"NGRID":64,"OPIA":100,"RSCCS":0.977182,"RSR":0.0393323,"SRSR":0.00698924,"asymID":"A","compID":"ASP","pdb":{"compID":"ASP","insCode":"","seqNum":289,"strandID":"A"},"seqID":289},{"EDIAm":1.04005,"NGRID":79,"OPIA":100,"RSCCS":0.963775,"RSR":0.0522576,"SRSR":0.00736748,"asymID":"A","compID":"GLU","pdb":{"compID":"GLU","insCode":"","seqNum":290,"strandID":"A"},"seqID":290},{"EDIAm":1.0267,"NGRID":101,"OPIA":100,"RSCCS":0.98456,"RSR":0.0399933,"SRSR":0.00626959,"asymID":"A","compID":"PHE","pdb":{"compID":"PHE","insCode":"","seqNum":291,"strandID":"A"},"seqID":291},{"EDIAm":1.02991,"NGRID":57,"OPIA":100,"RSCCS":0.978904,"RSR":0.0394689,"SRSR":0.00727074,"asymID":"A","compID":"THR","pdb":{"compID":"THR","insCode":"","seqNum":292,"strandID":"A"},"seqID":292},{"EDIAm":1.03271,"NGRID":58,"OPIA":100,"RSCCS":0.986168,"RSR":0.0316947,"SRSR":0.00777102,"asymID":"A","compID":"PRO","pdb":{"compID":"PRO","insCode":"","seqNum":293,"strandID":"A"},"seqID":293},{"EDIAm":0.808079,"NGRID":165,"OPIA":54.5455,"RSCCS":0.940059,"RSR":0.0979591,"SRSR":0.00783228,"asymID":"A","compID":"PHE","pdb":{"compID":"PHE","insCode":"","seqNum":294,"strandID":"A"},"seqID":294},{"EDIAm":1.02276,"NGRID":73,"OPIA":100,"RSCCS":0.976423,"RSR":0.0400858,"SRSR":0.00752763,"asymID":"A","compID":"ASP","pdb":{"compID":"ASP","insCode":"","seqNum":295,"strandID":"A"},"seqID":295},{"EDIAm":1.01872,"NGRID":55,"OPIA":100,"RSCCS":0.986495,"RSR":0.0285791,"SRSR":0.00834587,"asymID":"A","compID":"VAL","pdb":{"compID":"VAL","insCode":"","seqNum":296,"strandID":"A"},"seqID":296},{"EDIAm":0.871212,"NGRID":66,"OPIA":71.4286,"RSCCS":0.971286,"RSR":0.0575175,"SRSR":0.00887422,"asymID":"A","compID":"VAL","pdb":{"compID":"VAL","insCode":"","seqNum":297,"strandID":"A"},"seqID":297},{"EDIAm":0.735479,"NGRID":196,"OPIA":54.5455,"RSCCS":0.850879,"RSR":0.133357,"SRSR":0.00864932,"asymID":"A","compID":"ARG","pdb":{"compID":"ARG","insCode":"","seqNum":298,"strandID":"A"},"seqID":298},{"EDIAm":0.972366,"NGRID":87,"OPIA":100,"RSCCS":0.956822,"RSR":0.0492354,"SRSR":0.00865824,"asymID":"A","compID":"GLN","pdb":{"compID":"GLN","insCode":"","seqNum":299,"strandID":"A"},"seqID":299},{"EDIAm":0.862696,"NGRID":78,"OPIA":83.3333,"RSCCS":0.94873,"RSR":0.0699435,"SRSR":0.00879037,"asymID":"A","compID":"CYS","pdb":{"compID":"CYS","insCode":"","seqNum":300,"strandID":"A"},"seqID":300},{"EDIAm":0.87883,"NGRID":100,"OPIA":83.3333,"RSCCS":0.850821,"RSR":0.0844604,"SRSR":0.0129149,"asymID":"A","compID":"SER","pdb":{"compID":"SER","insCode":"","seqNum":301,"strandID":"A"},"seqID":301},{"EDIAm":0.755064,"NGRID":83,"OPIA":25,"RSCCS":0.886599,"RSR":0.0965547,"SRSR":0.020881,"asymID":"A","compID":"GLY","pdb":{"compID":"GLY","insCode":"","seqNum":302,"strandID":"A"},"seqID":302},{"EDIAm":0.610471,"NGRID":180,"OPIA":28.5714,"RSCCS":0.768462,"RSR":0.163159,"SRSR":0.0160259,"asymID":"A","compID":"VAL","pdb":{"compID":"VAL","insCode":"","seqNum":303,"strandID":"A"},"seqID":303},{"EDIAm":0.612599,"NGRID":159,"OPIA":28.5714,"RSCCS":0.843959,"RSR":0.130392,"SRSR":0.0174474,"asymID":"A","compID":"THR","pdb":{"compID":"THR","insCode":"","seqNum":304,"strandID":"A"},"seqID":304},{"EDIAm":0.582673,"NGRID":284,"OPIA":27.2727,"RSCCS":0.818122,"RSR":0.163556,"SRSR":0.0124839,"asymID":"A","compID":"PHE","pdb":{"compID":"PHE","insCode":"","seqNum":305,"strandID":"A"},"seqID":305},{"EDIAm":0.62817,"NGRID":142,"OPIA":50,"RSCCS":0.940964,"RSR":0.150883,"SRSR":0.0164802,"asymID":"B","compID":"DMS","pdb":{"compID":"DMS","insCode":"","seqNum":501,"strandID":"A"},"seqID":0},{"EDIAm":0.673557,"NGRID":957,"OPIA":74.4186,"RSCCS":0.944099,"RSR":0.0965092,"SRSR":0.00503454,"asymID":"C","compID":"O6K","pdb":{"compID":"O6K","insCode":"","seqNum":502,"strandID":"A"},"seqID":0},{"EDIAm":0.87314,"NGRID":18,"OPIA":100,"RSCCS":0.951154,"RSR":0.0931154,"SRSR":0.0235302,"asymID":"D","compID":"HOH","pdb":{"compID":"HOH","insCode":"","seqNum":601,"strandID":"A"},"seqID":0},{"EDIAm":0.908834,"NGRID":14,"OPIA":100,"RSCCS":0.943967,"RSR":0.0890533,"SRSR":0.0203857,"asymID":"D","compID":"HOH","pdb":{"compID":"HOH","insCode":"","seqNum":602,"strandID":"A"},"seqID":0},{"EDIAm":0.878992,"NGRID":15,"OPIA":100,"RSCCS":0.962814,"RSR":0.0597106,"SRSR":0.0208972,"asymID":"D","compID":"HOH","pdb":{"compID":"HOH","insCode":"","seqNum":603,"strandID":"A"},"seqID":0},{"EDIAm":0.667478,"NGRID":17,"OPIA":0,"RSCCS":0.861913,"RSR":0.146469,"SRSR":0.0305311,"asymID":"D","compID":"HOH","pdb":{"compID":"HOH","insCode":"","seqNum":606,"strandID":"A"},"seqID":0},{"EDIAm":0.443847,"NGRID":27,"OPIA":0,"RSCCS":0.908439,"RSR":0.0950814,"SRSR":0.0220816,"asymID":"D","compID":"HOH","pdb":{"compID":"HOH","insCode":"","seqNum":607,"strandID":"A"},"seqID":0},{"EDIAm":0.874846,"NGRID":17,"OPIA":100,"RSCCS":0.938146,"RSR":0.0820882,"SRSR":0.0219204,"asymID":"D","compID":"HOH","pdb":{"compID":"HOH","insCode":"","seqNum":608,"strandID":"A"},"seqID":0},{"EDIAm":0.62114,"NGRID":17,"OPIA":0,"RSCCS":0.927195,"RSR":0.0921594,"SRSR":0.0301222,"asymID":"D","compID":"HOH","pdb":{"compID":"HOH","insCode":"","seqNum":609,"strandID":"A"},"seqID":0},{"EDIAm":0.656052,"NGRID":24,"OPIA":0,"RSCCS":0.888375,"RSR":0.137327,"SRSR":0.0246929,"asymID":"D","compID":"HOH","pdb":{"compID":"HOH","insCode":"","seqNum":610,"strandID":"A"},"seqID":0},{"EDIAm":0.709295,"NGRID":20,"OPIA":0,"RSCCS":0.967291,"RSR":0.0647165,"SRSR":0.0257473,"asymID":"D","compID":"HOH","pdb":{"compID":"HOH","insCode":"","seqNum":611,"strandID":"A"},"seqID":0},{"EDIAm":0.613701,"NGRID":19,"OPIA":0,"RSCCS":0.898568,"RSR":0.10796,"SRSR":0.0255697,"asymID":"D","compID":"HOH","pdb":{"compID":"HOH","insCode":"","seqNum":613,"strandID":"A"},"seqID":0},{"EDIAm":0.461859,"NGRID":28,"OPIA":0,"RSCCS":0.903612,"RSR":0.0956012,"SRSR":0.0244662,"asymID":"D","compID":"HOH","pdb":{"compID":"HOH","insCode":"","seqNum":614,"strandID":"A"},"seqID":0},{"EDIAm":0.51357,"NGRID":24,"OPIA":0,"RSCCS":0.895604,"RSR":0.0724567,"SRSR":0.0230889,"asymID":"D","compID":"HOH","pdb":{"compID":"HOH","insCode":"","seqNum":615,"strandID":"A"},"seqID":0},{"EDIAm":1.01757,"NGRID":11,"OPIA":100,"RSCCS":0.965155,"RSR":0.0771116,"SRSR":0.0180974,"asymID":"D","compID":"HOH","pdb":{"compID":"HOH","insCode":"","seqNum":616,"strandID":"A"},"seqID":0},{"EDIAm":0.76777,"NGRID":16,"OPIA":0,"RSCCS":0.934935,"RSR":0.0923487,"SRSR":0.0287499,"asymID":"D","compID":"HOH","pdb":{"compID":"HOH","insCode":"","seqNum":617,"strandID":"A"},"seqID":0},{"EDIAm":0.604217,"NGRID":24,"OPIA":0,"RSCCS":0.909849,"RSR":0.0792676,"SRSR":0.0258405,"asymID":"D","compID":"HOH","pdb":{"compID":"HOH","insCode":"","seqNum":618,"strandID":"A"},"seqID":0},{"EDIAm":0.306147,"NGRID":28,"OPIA":0,"RSCCS":0.834582,"RSR":0.0742113,"SRSR":0.0222209,"asymID":"D","compID":"HOH","pdb":{"compID":"HOH","insCode":"","seqNum":619,"strandID":"A"},"seqID":0},{"EDIAm":0.73645,"NGRID":17,"OPIA":0,"RSCCS":0.958677,"RSR":0.084731,"SRSR":0.0292863,"asymID":"D","compID":"HOH","pdb":{"compID":"HOH","insCode":"","seqNum":620,"strandID":"A"},"seqID":0},{"EDIAm":0.636739,"NGRID":25,"OPIA":0,"RSCCS":0.927366,"RSR":0.110245,"SRSR":0.023673,"asymID":"D","compID":"HOH","pdb":{"compID":"HOH","insCode":"","seqNum":621,"strandID":"A"},"seqID":0},{"EDIAm":0.87535,"NGRID":17,"OPIA":100,"RSCCS":0.950065,"RSR":0.0921122,"SRSR":0.0224147,"asymID":"D","compID":"HOH","pdb":{"compID":"HOH","insCode":"","seqNum":622,"strandID":"A"},"seqID":0},{"EDIAm":0.815909,"NGRID":15,"OPIA":100,"RSCCS":0.957476,"RSR":0.0852728,"SRSR":0.0230702,"asymID":"D","compID":"HOH","pdb":{"compID":"HOH","insCode":"","seqNum":624,"strandID":"A"},"seqID":0},{"EDIAm":0.8635,"NGRID":17,"OPIA":100,"RSCCS":0.965816,"RSR":0.0732934,"SRSR":0.0238036,"asymID":"D","compID":"HOH","pdb":{"compID":"HOH","insCode":"","seqNum":625,"strandID":"A"},"seqID":0},{"EDIAm":0.983233,"NGRID":14,"OPIA":100,"RSCCS":0.981296,"RSR":0.0397539,"SRSR":0.0211533,"asymID":"D","compID":"HOH","pdb":{"compID":"HOH","insCode":"","seqNum":626,"strandID":"A"},"seqID":0},{"EDIAm":0.993256,"NGRID":12,"OPIA":100,"RSCCS":0.975014,"RSR":0.0882823,"SRSR":0.0192902,"asymID":"D","compID":"HOH","pdb":{"compID":"HOH","insCode":"","seqNum":627,"strandID":"A"},"seqID":0},{"EDIAm":0.76502,"NGRID":13,"OPIA":0,"RSCCS":0.954862,"RSR":0.119376,"SRSR":0.0199155,"asymID":"D","compID":"HOH","pdb":{"compID":"HOH","insCode":"","seqNum":628,"strandID":"A"},"seqID":0},{"EDIAm":0.833621,"NGRID":14,"OPIA":100,"RSCCS":0.988334,"RSR":0.0639461,"SRSR":0.0282619,"asymID":"D","compID":"HOH","pdb":{"compID":"HOH","insCode":"","seqNum":629,"strandID":"A"},"seqID":0},{"EDIAm":0.904986,"NGRID":16,"OPIA":100,"RSCCS":0.958921,"RSR":0.10408,"SRSR":0.0226358,"asymID":"D","compID":"HOH","pdb":{"compID":"HOH","insCode":"","seqNum":630,"strandID":"A"},"seqID":0},{"EDIAm":0.784434,"NGRID":15,"OPIA":0,"RSCCS":0.975203,"RSR":0.0506111,"SRSR":0.0252129,"asymID":"D","compID":"HOH","pdb":{"compID":"HOH","insCode":"","seqNum":631,"strandID":"A"},"seqID":0},{"EDIAm":0.634729,"NGRID":17,"OPIA":0,"RSCCS":0.959929,"RSR":0.0998577,"SRSR":0.033235,"asymID":"D","compID":"HOH","pdb":{"compID":"HOH","insCode":"","seqNum":632,"strandID":"A"},"seqID":0},{"EDIAm":0.705902,"NGRID":19,"OPIA":0,"RSCCS":0.951832,"RSR":0.0879655,"SRSR":0.0269426,"asymID":"D","compID":"HOH","pdb":{"compID":"HOH","insCode":"","seqNum":633,"strandID":"A"},"seqID":0},{"EDIAm":0.853325,"NGRID":13,"OPIA":100,"RSCCS":0.936647,"RSR":0.0831222,"SRSR":0.0224099,"asymID":"D","compID":"HOH","pdb":{"compID":"HOH","insCode":"","seqNum":634,"strandID":"A"},"seqID":0},{"EDIAm":0.973354,"NGRID":10,"OPIA":100,"RSCCS":0.991018,"RSR":0.0588583,"SRSR":0.0172315,"asymID":"D","compID":"HOH","pdb":{"compID":"HOH","insCode":"","seqNum":635,"strandID":"A"},"seqID":0},{"EDIAm":0.688379,"NGRID":23,"OPIA":0,"RSCCS":0.935673,"RSR":0.0866027,"SRSR":0.0272991,"asymID":"D","compID":"HOH","pdb":{"compID":"HOH","insCode":"","seqNum":636,"strandID":"A"},"seqID":0},{"EDIAm":0.577607,"NGRID":22,"OPIA":0,"RSCCS":0.914136,"RSR":0.0714891,"SRSR":0.0275287,"asymID":"D","compID":"HOH","pdb":{"compID":"HOH","insCode":"","seqNum":637,"strandID":"A"},"seqID":0},{"EDIAm":1.05619,"NGRID":10,"OPIA":100,"RSCCS":0.986923,"RSR":0.0625854,"SRSR":0.0167857,"asymID":"D","compID":"HOH","pdb":{"compID":"HOH","insCode":"","seqNum":638,"strandID":"A"},"seqID":0},{"EDIAm":0.800861,"NGRID":16,"OPIA":100,"RSCCS":0.938118,"RSR":0.0832629,"SRSR":0.0256739,"asymID":"D","compID":"HOH","pdb":{"compID":"HOH","insCode":"","seqNum":639,"strandID":"A"},"seqID":0},{"EDIAm":0.796937,"NGRID":13,"OPIA":0,"RSCCS":0.950289,"RSR":0.0972183,"SRSR":0.0207407,"asymID":"D","compID":"HOH","pdb":{"compID":"HOH","insCode":"","seqNum":640,"strandID":"A"},"seqID":0},{"EDIAm":0.612599,"NGRID":24,"OPIA":0,"RSCCS":0.895073,"RSR":0.108808,"SRSR":0.0249925,"asymID":"D","compID":"HOH","pdb":{"compID":"HOH","insCode":"","seqNum":641,"strandID":"A"},"seqID":0},{"EDIAm":0.871894,"NGRID":18,"OPIA":100,"RSCCS":0.928058,"RSR":0.100543,"SRSR":0.0226434,"asymID":"D","compID":"HOH","pdb":{"compID":"HOH","insCode":"","seqNum":642,"strandID":"A"},"seqID":0},{"EDIAm":0.637143,"NGRID":19,"OPIA":0,"RSCCS":0.916177,"RSR":0.126195,"SRSR":0.0330784,"asymID":"D","compID":"HOH","pdb":{"compID":"HOH","insCode":"","seqNum":643,"strandID":"A"},"seqID":0},{"EDIAm":0.692415,"NGRID":16,"OPIA":0,"RSCCS":0.904949,"RSR":0.155954,"SRSR":0.0265995,"asymID":"D","compID":"HOH","pdb":{"compID":"HOH","insCode":"","seqNum":644,"strandID":"A"},"seqID":0},{"EDIAm":0.369623,"NGRID":28,"OPIA":0,"RSCCS":0.839522,"RSR":0.141092,"SRSR":0.0235141,"asymID":"D","compID":"HOH","pdb":{"compID":"HOH","insCode":"","seqNum":645,"strandID":"A"},"seqID":0},{"EDIAm":0.983081,"NGRID":10,"OPIA":100,"RSCCS":0.976583,"RSR":0.053577,"SRSR":0.0183968,"asymID":"D","compID":"HOH","pdb":{"compID":"HOH","insCode":"","seqNum":646,"strandID":"A"},"seqID":0},{"EDIAm":0.591719,"NGRID":19,"OPIA":0,"RSCCS":0.918109,"RSR":0.105513,"SRSR":0.0310222,"asymID":"D","compID":"HOH","pdb":{"compID":"HOH","insCode":"","seqNum":647,"strandID":"A"},"seqID":0},{"EDIAm":0.613281,"NGRID":24,"OPIA":0,"RSCCS":0.937148,"RSR":0.0987158,"SRSR":0.026151,"asymID":"D","compID":"HOH","pdb":{"compID":"HOH","insCode":"","seqNum":648,"strandID":"A"},"seqID":0},{"EDIAm":0.879342,"NGRID":14,"OPIA":100,"RSCCS":0.926652,"RSR":0.173421,"SRSR":0.0177496,"asymID":"D","compID":"HOH","pdb":{"compID":"HOH","insCode":"","seqNum":649,"strandID":"A"},"seqID":0},{"EDIAm":0.890995,"NGRID":12,"OPIA":100,"RSCCS":0.979277,"RSR":0.0787025,"SRSR":0.0180253,"asymID":"D","compID":"HOH","pdb":{"compID":"HOH","insCode":"","seqNum":650,"strandID":"A"},"seqID":0},{"EDIAm":0.982639,"NGRID":10,"OPIA":100,"RSCCS":0.973824,"RSR":0.0529484,"SRSR":0.0194915,"asymID":"D","compID":"HOH","pdb":{"compID":"HOH","insCode":"","seqNum":651,"strandID":"A"},"seqID":0},{"EDIAm":0.82128,"NGRID":16,"OPIA":100,"RSCCS":0.956016,"RSR":0.0919759,"SRSR":0.0264753,"asymID":"D","compID":"HOH","pdb":{"compID":"HOH","insCode":"","seqNum":652,"strandID":"A"},"seqID":0},{"EDIAm":0.641552,"NGRID":22,"OPIA":0,"RSCCS":0.961235,"RSR":0.0962916,"SRSR":0.0273148,"asymID":"D","compID":"HOH","pdb":{"compID":"HOH","insCode":"","seqNum":653,"strandID":"A"},"seqID":0},{"EDIAm":0.943064,"NGRID":13,"OPIA":100,"RSCCS":0.947307,"RSR":0.0994526,"SRSR":0.0210478,"asymID":"D","compID":"HOH","pdb":{"compID":"HOH","insCode":"","seqNum":654,"strandID":"A"},"seqID":0},{"EDIAm":1.03382,"NGRID":11,"OPIA":100,"RSCCS":0.964043,"RSR":0.0682802,"SRSR":0.0191106,"asymID":"D","compID":"HOH","pdb":{"compID":"HOH","insCode":"","seqNum":655,"strandID":"A"},"seqID":0},{"EDIAm":0.665953,"NGRID":19,"OPIA":0,"RSCCS":0.922702,"RSR":0.12026,"SRSR":0.0312564,"asymID":"D","compID":"HOH","pdb":{"compID":"HOH","insCode":"","seqNum":656,"strandID":"A"},"seqID":0},{"EDIAm":0.589899,"NGRID":19,"OPIA":0,"RSCCS":0.941292,"RSR":0.0844884,"SRSR":0.0237613,"asymID":"D","compID":"HOH","pdb":{"compID":"HOH","insCode":"","seqNum":657,"strandID":"A"},"seqID":0},{"EDIAm":0.804932,"NGRID":13,"OPIA":100,"RSCCS":0.957538,"RSR":0.137952,"SRSR":0.0305554,"asymID":"D","compID":"HOH","pdb":{"compID":"HOH","insCode":"","seqNum":660,"strandID":"A"},"seqID":0},{"EDIAm":0.953276,"NGRID":15,"OPIA":100,"RSCCS":0.948186,"RSR":0.0724524,"SRSR":0.0200497,"asymID":"D","compID":"HOH","pdb":{"compID":"HOH","insCode":"","seqNum":661,"strandID":"A"},"seqID":0},{"EDIAm":0.234903,"NGRID":35,"OPIA":0,"RSCCS":0.745167,"RSR":0.103068,"SRSR":0.0208484,"asymID":"D","compID":"HOH","pdb":{"compID":"HOH","insCode":"","seqNum":662,"strandID":"A"},"seqID":0},{"EDIAm":0.958869,"NGRID":10,"OPIA":100,"RSCCS":0.972011,"RSR":0.0594583,"SRSR":0.0205079,"asymID":"D","compID":"HOH","pdb":{"compID":"HOH","insCode":"","seqNum":663,"strandID":"A"},"seqID":0},{"EDIAm":0.844972,"NGRID":17,"OPIA":100,"RSCCS":0.950637,"RSR":0.0721798,"SRSR":0.0242436,"asymID":"D","compID":"HOH","pdb":{"compID":"HOH","insCode":"","seqNum":664,"strandID":"A"},"seqID":0},{"EDIAm":0.909228,"NGRID":17,"OPIA":100,"RSCCS":0.963393,"RSR":0.0689487,"SRSR":0.0207369,"asymID":"D","compID":"HOH","pdb":{"compID":"HOH","insCode":"","seqNum":665,"strandID":"A"},"seqID":0},{"EDIAm":0.696922,"NGRID":20,"OPIA":0,"RSCCS":0.898703,"RSR":0.0992896,"SRSR":0.0248969,"asymID":"D","compID":"HOH","pdb":{"compID":"HOH","insCode":"","seqNum":666,"strandID":"A"},"seqID":0},{"EDIAm":0.566243,"NGRID":23,"OPIA":0,"RSCCS":0.910747,"RSR":0.143502,"SRSR":0.0231204,"asymID":"D","compID":"HOH","pdb":{"compID":"HOH","insCode":"","seqNum":667,"strandID":"A"},"seqID":0},{"EDIAm":0.888248,"NGRID":11,"OPIA":100,"RSCCS":0.978805,"RSR":0.0549657,"SRSR":0.0196623,"asymID":"D","compID":"HOH","pdb":{"compID":"HOH","insCode":"","seqNum":668,"strandID":"A"},"seqID":0},{"EDIAm":0.955456,"NGRID":13,"OPIA":100,"RSCCS":0.965867,"RSR":0.0811113,"SRSR":0.0241474,"asymID":"D","compID":"HOH","pdb":{"compID":"HOH","insCode":"","seqNum":669,"strandID":"A"},"seqID":0},{"EDIAm":0.723913,"NGRID":18,"OPIA":0,"RSCCS":0.943494,"RSR":0.09057,"SRSR":0.0271671,"asymID":"D","compID":"HOH","pdb":{"compID":"HOH","insCode":"","seqNum":670,"strandID":"A"},"seqID":0},{"EDIAm":0.710825,"NGRID":21,"OPIA":0,"RSCCS":0.968912,"RSR":0.105821,"SRSR":0.0273552,"asymID":"D","compID":"HOH","pdb":{"compID":"HOH","insCode":"","seqNum":671,"strandID":"A"},"seqID":0},{"EDIAm":0.875153,"NGRID":18,"OPIA":100,"RSCCS":0.93634,"RSR":0.117054,"SRSR":0.0219465,"asymID":"D","compID":"HOH","pdb":{"compID":"HOH","insCode":"","seqNum":673,"strandID":"A"},"seqID":0},{"EDIAm":1.03102,"NGRID":12,"OPIA":100,"RSCCS":0.968052,"RSR":0.122471,"SRSR":0.0182493,"asymID":"D","compID":"HOH","pdb":{"compID":"HOH","insCode":"","seqNum":674,"strandID":"A"},"seqID":0},{"EDIAm":0.487546,"NGRID":19,"OPIA":0,"RSCCS":0.925351,"RSR":0.103218,"SRSR":0.0281792,"asymID":"D","compID":"HOH","pdb":{"compID":"HOH","insCode":"","seqNum":675,"strandID":"A"},"seqID":0},{"EDIAm":0.623621,"NGRID":22,"OPIA":0,"RSCCS":0.961566,"RSR":0.129285,"SRSR":0.0215887,"asymID":"D","compID":"HOH","pdb":{"compID":"HOH","insCode":"","seqNum":676,"strandID":"A"},"seqID":0},{"EDIAm":0.976662,"NGRID":10,"OPIA":100,"RSCCS":0.935816,"RSR":0.0711417,"SRSR":0.0196884,"asymID":"D","compID":"HOH","pdb":{"compID":"HOH","insCode":"","seqNum":677,"strandID":"A"},"seqID":0},{"EDIAm":0.665828,"NGRID":23,"OPIA":0,"RSCCS":0.929725,"RSR":0.0964489,"SRSR":0.0257781,"asymID":"D","compID":"HOH","pdb":{"compID":"HOH","insCode":"","seqNum":678,"strandID":"A"},"seqID":0},{"EDIAm":0.984611,"NGRID":11,"OPIA":100,"RSCCS":0.966832,"RSR":0.0811215,"SRSR":0.0236014,"asymID":"D","compID":"HOH","pdb":{"compID":"HOH","insCode":"","seqNum":679,"strandID":"A"},"seqID":0},{"EDIAm":0.937122,"NGRID":13,"OPIA":100,"RSCCS":0.958131,"RSR":0.099685,"SRSR":0.0207432,"asymID":"D","compID":"HOH","pdb":{"compID":"HOH","insCode":"","seqNum":680,"strandID":"A"},"seqID":0},{"EDIAm":0.902403,"NGRID":14,"OPIA":100,"RSCCS":0.964457,"RSR":0.0944878,"SRSR":0.0232556,"asymID":"D","compID":"HOH","pdb":{"compID":"HOH","insCode":"","seqNum":681,"strandID":"A"},"seqID":0},{"EDIAm":0.85007,"NGRID":14,"OPIA":100,"RSCCS":0.919836,"RSR":0.0846275,"SRSR":0.0218636,"asymID":"D","compID":"HOH","pdb":{"compID":"HOH","insCode":"","seqNum":683,"strandID":"A"},"seqID":0},{"EDIAm":0.935011,"NGRID":15,"OPIA":100,"RSCCS":0.958254,"RSR":0.145227,"SRSR":0.0200703,"asymID":"D","compID":"HOH","pdb":{"compID":"HOH","insCode":"","seqNum":684,"strandID":"A"},"seqID":0},{"EDIAm":0.852812,"NGRID":16,"OPIA":100,"RSCCS":0.945525,"RSR":0.0912597,"SRSR":0.0239014,"asymID":"D","compID":"HOH","pdb":{"compID":"HOH","insCode":"","seqNum":685,"strandID":"A"},"seqID":0},{"EDIAm":0.72567,"NGRID":15,"OPIA":0,"RSCCS":0.936502,"RSR":0.122388,"SRSR":0.0289701,"asymID":"D","compID":"HOH","pdb":{"compID":"HOH","insCode":"","seqNum":686,"strandID":"A"},"seqID":0},{"EDIAm":0.65466,"NGRID":20,"OPIA":0,"RSCCS":0.919005,"RSR":0.088749,"SRSR":0.0234175,"asymID":"D","compID":"HOH","pdb":{"compID":"HOH","insCode":"","seqNum":687,"strandID":"A"},"seqID":0},{"EDIAm":0.515238,"NGRID":26,"OPIA":0,"RSCCS":0.920349,"RSR":0.177906,"SRSR":0.0219187,"asymID":"D","compID":"HOH","pdb":{"compID":"HOH","insCode":"","seqNum":688,"strandID":"A"},"seqID":0},{"EDIAm":0.827356,"NGRID":21,"OPIA":100,"RSCCS":0.95961,"RSR":0.0671022,"SRSR":0.024292,"asymID":"D","compID":"HOH","pdb":{"compID":"HOH","insCode":"","seqNum":689,"strandID":"A"},"seqID":0},{"EDIAm":0.838704,"NGRID":13,"OPIA":100,"RSCCS":0.991624,"RSR":0.1376,"SRSR":0.019002,"asymID":"D","compID":"HOH","pdb":{"compID":"HOH","insCode":"","seqNum":690,"strandID":"A"},"seqID":0},{"EDIAm":0.73055,"NGRID":20,"OPIA":0,"RSCCS":0.962773,"RSR":0.0968113,"SRSR":0.0237092,"asymID":"D","compID":"HOH","pdb":{"compID":"HOH","insCode":"","seqNum":692,"strandID":"A"},"seqID":0},{"EDIAm":0.775744,"NGRID":15,"OPIA":0,"RSCCS":0.95541,"RSR":0.0753629,"SRSR":0.0225729,"asymID":"D","compID":"HOH","pdb":{"compID":"HOH","insCode":"","seqNum":693,"strandID":"A"},"seqID":0},{"EDIAm":0.986364,"NGRID":13,"OPIA":100,"RSCCS":0.980051,"RSR":0.115509,"SRSR":0.0191393,"asymID":"D","compID":"HOH","pdb":{"compID":"HOH","insCode":"","seqNum":694,"strandID":"A"},"seqID":0},{"EDIAm":0.460304,"NGRID":24,"OPIA":0,"RSCCS":0.88802,"RSR":0.115207,"SRSR":0.0210981,"asymID":"D","compID":"HOH","pdb":{"compID":"HOH","insCode":"","seqNum":695,"strandID":"A"},"seqID":0},{"EDIAm":0.879832,"NGRID":14,"OPIA":100,"RSCCS":0.952847,"RSR":0.0817631,"SRSR":0.0252311,"asymID":"D","compID":"HOH","pdb":{"compID":"HOH","insCode":"","seqNum":696,"strandID":"A"},"seqID":0},{"EDIAm":0.628554,"NGRID":26,"OPIA":0,"RSCCS":0.912282,"RSR":0.147333,"SRSR":0.0242926,"asymID":"D","compID":"HOH","pdb":{"compID":"HOH","insCode":"","seqNum":697,"strandID":"A"},"seqID":0},{"EDIAm":0.927203,"NGRID":18,"OPIA":100,"RSCCS":0.925145,"RSR":0.111499,"SRSR":0.0203904,"asymID":"D","compID":"HOH","pdb":{"compID":"HOH","insCode":"","seqNum":698,"strandID":"A"},"seqID":0},{"EDIAm":0.786329,"NGRID":20,"OPIA":0,"RSCCS":0.959289,"RSR":0.0882876,"SRSR":0.0231181,"asymID":"D","compID":"HOH","pdb":{"compID":"HOH","insCode":"","seqNum":700,"strandID":"A"},"seqID":0},{"EDIAm":0.554827,"NGRID":20,"OPIA":0,"RSCCS":0.815609,"RSR":0.145829,"SRSR":0.0267571,"asymID":"D","compID":"HOH","pdb":{"compID":"HOH","insCode":"","seqNum":701,"strandID":"A"},"seqID":0},{"EDIAm":0.58411,"NGRID":20,"OPIA":0,"RSCCS":0.924377,"RSR":0.0920336,"SRSR":0.0323568,"asymID":"D","compID":"HOH","pdb":{"compID":"HOH","insCode":"","seqNum":702,"strandID":"A"},"seqID":0},{"EDIAm":0.685019,"NGRID":20,"OPIA":0,"RSCCS":0.905544,"RSR":0.113013,"SRSR":0.0222144,"asymID":"D","compID":"HOH","pdb":{"compID":"HOH","insCode":"","seqNum":703,"strandID":"A"},"seqID":0},{"EDIAm":0.760092,"NGRID":18,"OPIA":0,"RSCCS":0.865702,"RSR":0.138758,"SRSR":0.0217717,"asymID":"D","compID":"HOH","pdb":{"compID":"HOH","insCode":"","seqNum":704,"strandID":"A"},"seqID":0},{"EDIAm":0.978139,"NGRID":11,"OPIA":100,"RSCCS":0.959676,"RSR":0.0741116,"SRSR":0.018803,"asymID":"D","compID":"HOH","pdb":{"compID":"HOH","insCode":"","seqNum":705,"strandID":"A"},"seqID":0},{"EDIAm":0.64748,"NGRID":21,"OPIA":0,"RSCCS":0.888692,"RSR":0.141766,"SRSR":0.0197617,"asymID":"D","compID":"HOH","pdb":{"compID":"HOH","insCode":"","seqNum":706,"strandID":"A"},"seqID":0},{"EDIAm":0.715236,"NGRID":15,"OPIA":0,"RSCCS":0.882777,"RSR":0.183979,"SRSR":0.0206897,"asymID":"D","compID":"HOH","pdb":{"compID":"HOH","insCode":"","seqNum":707,"strandID":"A"},"seqID":0},{"EDIAm":0.684781,"NGRID":23,"OPIA":0,"RSCCS":0.906997,"RSR":0.174028,"SRSR":0.0207609,"asymID":"D","compID":"HOH","pdb":{"compID":"HOH","insCode":"","seqNum":708,"strandID":"A"},"seqID":0},{"EDIAm":1.08966,"NGRID":10,"OPIA":100,"RSCCS":0.98276,"RSR":0.0784094,"SRSR":0.015672,"asymID":"D","compID":"HOH","pdb":{"compID":"HOH","insCode":"","seqNum":709,"strandID":"A"},"seqID":0},{"EDIAm":0.709477,"NGRID":20,"OPIA":0,"RSCCS":0.949956,"RSR":0.0788913,"SRSR":0.0254475,"asymID":"D","compID":"HOH","pdb":{"compID":"HOH","insCode":"","seqNum":710,"strandID":"A"},"seqID":0},{"EDIAm":1.12223,"NGRID":9,"OPIA":100,"RSCCS":0.993291,"RSR":0.071876,"SRSR":0.016116,"asymID":"D","compID":"HOH","pdb":{"compID":"HOH","insCode":"","seqNum":711,"strandID":"A"},"seqID":0},{"EDIAm":0.553466,"NGRID":22,"OPIA":0,"RSCCS":0.93331,"RSR":0.10018,"SRSR":0.0209018,"asymID":"D","compID":"HOH","pdb":{"compID":"HOH","insCode":"","seqNum":712,"strandID":"A"},"seqID":0},{"EDIAm":0.803486,"NGRID":18,"OPIA":100,"RSCCS":0.910918,"RSR":0.145716,"SRSR":0.0181168,"asymID":"D","compID":"HOH","pdb":{"compID":"HOH","insCode":"","seqNum":713,"strandID":"A"},"seqID":0},{"EDIAm":0.880638,"NGRID":18,"OPIA":100,"RSCCS":0.952287,"RSR":0.167236,"SRSR":0.0194028,"asymID":"D","compID":"HOH","pdb":{"compID":"HOH","insCode":"","seqNum":714,"strandID":"A"},"seqID":0},{"EDIAm":0.671983,"NGRID":22,"OPIA":0,"RSCCS":0.938143,"RSR":0.122653,"SRSR":0.0246415,"asymID":"D","compID":"HOH","pdb":{"compID":"HOH","insCode":"","seqNum":715,"strandID":"A"},"seqID":0},{"EDIAm":0.842633,"NGRID":17,"OPIA":100,"RSCCS":0.966352,"RSR":0.158144,"SRSR":0.024411,"asymID":"D","compID":"HOH","pdb":{"compID":"HOH","insCode":"","seqNum":716,"strandID":"A"},"seqID":0},{"EDIAm":0.826399,"NGRID":22,"OPIA":100,"RSCCS":0.912997,"RSR":0.258631,"SRSR":0.019204,"asymID":"D","compID":"HOH","pdb":{"compID":"HOH","insCode":"","seqNum":717,"strandID":"A"},"seqID":0},{"EDIAm":0.21158,"NGRID":34,"OPIA":0,"RSCCS":0.677362,"RSR":0.16386,"SRSR":0.0240152,"asymID":"D","compID":"HOH","pdb":{"compID":"HOH","insCode":"","seqNum":719,"strandID":"A"},"seqID":0},{"EDIAm":0.896125,"NGRID":12,"OPIA":100,"RSCCS":0.93848,"RSR":0.0703185,"SRSR":0.0186099,"asymID":"D","compID":"HOH","pdb":{"compID":"HOH","insCode":"","seqNum":721,"strandID":"A"},"seqID":0},{"EDIAm":0.683673,"NGRID":18,"OPIA":0,"RSCCS":0.956003,"RSR":0.0840632,"SRSR":0.0284298,"asymID":"D","compID":"HOH","pdb":{"compID":"HOH","insCode":"","seqNum":722,"strandID":"A"},"seqID":0},{"EDIAm":0.679644,"NGRID":22,"OPIA":0,"RSCCS":0.913038,"RSR":0.0870083,"SRSR":0.0234753,"asymID":"D","compID":"HOH","pdb":{"compID":"HOH","insCode":"","seqNum":723,"strandID":"A"},"seqID":0},{"EDIAm":0.719795,"NGRID":20,"OPIA":0,"RSCCS":0.962005,"RSR":0.0728805,"SRSR":0.029286,"asymID":"D","compID":"HOH","pdb":{"compID":"HOH","insCode":"","seqNum":725,"strandID":"A"},"seqID":0},{"EDIAm":0.319195,"NGRID":28,"OPIA":0,"RSCCS":0.837521,"RSR":0.0867627,"SRSR":0.0225712,"asymID":"D","compID":"HOH","pdb":{"compID":"HOH","insCode":"","seqNum":726,"strandID":"A"},"seqID":0},{"EDIAm":0.650834,"NGRID":27,"OPIA":0,"RSCCS":0.862839,"RSR":0.251115,"SRSR":0.017337,"asymID":"D","compID":"HOH","pdb":{"compID":"HOH","insCode":"","seqNum":727,"strandID":"A"},"seqID":0},{"EDIAm":0.467307,"NGRID":24,"OPIA":0,"RSCCS":0.908337,"RSR":0.113769,"SRSR":0.0248819,"asymID":"D","compID":"HOH","pdb":{"compID":"HOH","insCode":"","seqNum":728,"strandID":"A"},"seqID":0},{"EDIAm":0.621947,"NGRID":22,"OPIA":0,"RSCCS":0.792862,"RSR":0.115861,"SRSR":0.0244485,"asymID":"D","compID":"HOH","pdb":{"compID":"HOH","insCode":"","seqNum":729,"strandID":"A"},"seqID":0},{"EDIAm":0.564011,"NGRID":24,"OPIA":0,"RSCCS":0.851486,"RSR":0.140726,"SRSR":0.0194512,"asymID":"D","compID":"HOH","pdb":{"compID":"HOH","insCode":"","seqNum":730,"strandID":"A"},"seqID":0},{"EDIAm":0.585777,"NGRID":27,"OPIA":0,"RSCCS":0.869211,"RSR":0.251526,"SRSR":0.0174629,"asymID":"D","compID":"HOH","pdb":{"compID":"HOH","insCode":"","seqNum":731,"strandID":"A"},"seqID":0},{"EDIAm":0.272777,"NGRID":28,"OPIA":0,"RSCCS":0.8982,"RSR":0.221564,"SRSR":0.0162631,"asymID":"D","compID":"HOH","pdb":{"compID":"HOH","insCode":"","seqNum":734,"strandID":"A"},"seqID":0},{"EDIAm":0.593599,"NGRID":27,"OPIA":0,"RSCCS":0.815542,"RSR":0.170704,"SRSR":0.0171156,"asymID":"D","compID":"HOH","pdb":{"compID":"HOH","insCode":"","seqNum":735,"strandID":"A"},"seqID":0},{"EDIAm":0.583688,"NGRID":24,"OPIA":0,"RSCCS":0.924956,"RSR":0.105006,"SRSR":0.0234274,"asymID":"D","compID":"HOH","pdb":{"compID":"HOH","insCode":"","seqNum":736,"strandID":"A"},"seqID":0},{"EDIAm":0.592129,"NGRID":24,"OPIA":0,"RSCCS":0.911413,"RSR":0.122539,"SRSR":0.0209365,"asymID":"D","compID":"HOH","pdb":{"compID":"HOH","insCode":"","seqNum":737,"strandID":"A"},"seqID":0},{"EDIAm":0.539891,"NGRID":23,"OPIA":0,"RSCCS":0.945908,"RSR":0.106299,"SRSR":0.0212146,"asymID":"D","compID":"HOH","pdb":{"compID":"HOH","insCode":"","seqNum":738,"strandID":"A"},"seqID":0},{"EDIAm":0.261307,"NGRID":26,"OPIA":0,"RSCCS":0.876357,"RSR":0.150756,"SRSR":0.0217817,"asymID":"D","compID":"HOH","pdb":{"compID":"HOH","insCode":"","seqNum":740,"strandID":"A"},"seqID":0},{"EDIAm":0.500668,"NGRID":26,"OPIA":0,"RSCCS":0.9178,"RSR":0.0920237,"SRSR":0.0234547,"asymID":"D","compID":"HOH","pdb":{"compID":"HOH","insCode":"","seqNum":741,"strandID":"A"},"seqID":0},{"EDIAm":0.481915,"NGRID":23,"OPIA":0,"RSCCS":0.881561,"RSR":0.133901,"SRSR":0.0277254,"asymID":"D","compID":"HOH","pdb":{"compID":"HOH","insCode":"","seqNum":742,"strandID":"A"},"seqID":0},{"EDIAm":0.447436,"NGRID":25,"OPIA":0,"RSCCS":0.952207,"RSR":0.143319,"SRSR":0.0188614,"asymID":"D","compID":"HOH","pdb":{"compID":"HOH","insCode":"","seqNum":744,"strandID":"A"},"seqID":0},{"EDIAm":0.309434,"NGRID":30,"OPIA":0,"RSCCS":0.814738,"RSR":0.224322,"SRSR":0.0158172,"asymID":"D","compID":"HOH","pdb":{"compID":"HOH","insCode":"","seqNum":745,"strandID":"A"},"seqID":0},{"EDIAm":0.471599,"NGRID":23,"OPIA":0,"RSCCS":0.925045,"RSR":0.128596,"SRSR":0.0186839,"asymID":"D","compID":"HOH","pdb":{"compID":"HOH","insCode":"","seqNum":747,"strandID":"A"},"seqID":0},{"EDIAm":0.780412,"NGRID":19,"OPIA":0,"RSCCS":0.821465,"RSR":0.178478,"SRSR":0.0219746,"asymID":"D","compID":"HOH","pdb":{"compID":"HOH","insCode":"","seqNum":748,"strandID":"A"},"seqID":0},{"EDIAm":0.608268,"NGRID":25,"OPIA":0,"RSCCS":0.928323,"RSR":0.104716,"SRSR":0.0243096,"asymID":"D","compID":"HOH","pdb":{"compID":"HOH","insCode":"","seqNum":749,"strandID":"A"},"seqID":0},{"EDIAm":0.459028,"NGRID":28,"OPIA":0,"RSCCS":0.881527,"RSR":0.177013,"SRSR":0.020537,"asymID":"D","compID":"HOH","pdb":{"compID":"HOH","insCode":"","seqNum":750,"strandID":"A"},"seqID":0},{"EDIAm":0.868719,"NGRID":19,"OPIA":100,"RSCCS":0.937561,"RSR":0.183894,"SRSR":0.0198004,"asymID":"D","compID":"HOH","pdb":{"compID":"HOH","insCode":"","seqNum":751,"strandID":"A"},"seqID":0},{"EDIAm":0.370496,"NGRID":29,"OPIA":0,"RSCCS":0.814056,"RSR":0.0916776,"SRSR":0.02042,"asymID":"D","compID":"HOH","pdb":{"compID":"HOH","insCode":"","seqNum":752,"strandID":"A"},"seqID":0},{"EDIAm":0.302093,"NGRID":28,"OPIA":0,"RSCCS":0.852994,"RSR":0.138825,"SRSR":0.0205564,"asymID":"D","compID":"HOH","pdb":{"compID":"HOH","insCode":"","seqNum":753,"strandID":"A"},"seqID":0},{"EDIAm":0.00808728,"NGRID":35,"OPIA":0,"RSCCS":0.460215,"RSR":0.0984641,"SRSR":0.024357,"asymID":"D","compID":"HOH","pdb":{"compID":"HOH","insCode":"","seqNum":754,"strandID":"A"},"seqID":0},{"EDIAm":0.550043,"NGRID":24,"OPIA":0,"RSCCS":0.928458,"RSR":0.130093,"SRSR":0.0189431,"asymID":"D","compID":"HOH","pdb":{"compID":"HOH","insCode":"","seqNum":755,"strandID":"A"},"seqID":0},{"EDIAm":0.477877,"NGRID":24,"OPIA":0,"RSCCS":0.879236,"RSR":0.150165,"SRSR":0.024278,"asymID":"D","compID":"HOH","pdb":{"compID":"HOH","insCode":"","seqNum":756,"strandID":"A"},"seqID":0},{"EDIAm":0.222955,"NGRID":33,"OPIA":0,"RSCCS":0.901413,"RSR":0.137343,"SRSR":0.0215402,"asymID":"D","compID":"HOH","pdb":{"compID":"HOH","insCode":"","seqNum":757,"strandID":"A"},"seqID":0},{"EDIAm":0.653005,"NGRID":22,"OPIA":0,"RSCCS":0.934319,"RSR":0.109293,"SRSR":0.0171679,"asymID":"D","compID":"HOH","pdb":{"compID":"HOH","insCode":"","seqNum":758,"strandID":"A"},"seqID":0},{"EDIAm":0.405634,"NGRID":29,"OPIA":0,"RSCCS":0.889402,"RSR":0.114694,"SRSR":0.0227766,"asymID":"D","compID":"HOH","pdb":{"compID":"HOH","insCode":"","seqNum":759,"strandID":"A"},"seqID":0},{"EDIAm":0.62974,"NGRID":24,"OPIA":0,"RSCCS":0.933407,"RSR":0.0653244,"SRSR":0.0214744,"asymID":"D","compID":"HOH","pdb":{"compID":"HOH","insCode":"","seqNum":760,"strandID":"A"},"seqID":0},{"EDIAm":0.630066,"NGRID":25,"OPIA":0,"RSCCS":0.890799,"RSR":0.163042,"SRSR":0.0249832,"asymID":"D","compID":"HOH","pdb":{"compID":"HOH","insCode":"","seqNum":761,"strandID":"A"},"seqID":0},{"EDIAm":0.434366,"NGRID":22,"OPIA":0,"RSCCS":0.905231,"RSR":0.128791,"SRSR":0.0168763,"asymID":"D","compID":"HOH","pdb":{"compID":"HOH","insCode":"","seqNum":762,"strandID":"A"},"seqID":0},{"EDIAm":0.549309,"NGRID":22,"OPIA":0,"RSCCS":0.871931,"RSR":0.193388,"SRSR":0.0166913,"asymID":"D","compID":"HOH","pdb":{"compID":"HOH","insCode":"","seqNum":763,"strandID":"A"},"seqID":0},{"EDIAm":0.542194,"NGRID":28,"OPIA":0,"RSCCS":0.93087,"RSR":0.144661,"SRSR":0.0204474,"asymID":"D","compID":"HOH","pdb":{"compID":"HOH","insCode":"","seqNum":764,"strandID":"A"},"seqID":0},{"EDIAm":0.802431,"NGRID":17,"OPIA":100,"RSCCS":0.946184,"RSR":0.211577,"SRSR":0.0168269,"asymID":"D","compID":"HOH","pdb":{"compID":"HOH","insCode":"","seqNum":765,"strandID":"A"},"seqID":0},{"EDIAm":0.820477,"NGRID":18,"OPIA":100,"RSCCS":0.867399,"RSR":0.137253,"SRSR":0.0238249,"asymID":"D","compID":"HOH","pdb":{"compID":"HOH","insCode":"","seqNum":766,"strandID":"A"},"seqID":0},{"EDIAm":0.733664,"NGRID":19,"OPIA":0,"RSCCS":0.953862,"RSR":0.0714029,"SRSR":0.0274279,"asymID":"D","compID":"HOH","pdb":{"compID":"HOH","insCode":"","seqNum":767,"strandID":"A"},"seqID":0},{"EDIAm":0.544011,"NGRID":29,"OPIA":0,"RSCCS":0.837545,"RSR":0.169693,"SRSR":0.0229653,"asymID":"D","compID":"HOH","pdb":{"compID":"HOH","insCode":"","seqNum":768,"strandID":"A"},"seqID":0},{"EDIAm":0.32726,"NGRID":30,"OPIA":0,"RSCCS":0.912298,"RSR":0.131485,"SRSR":0.0226625,"asymID":"D","compID":"HOH","pdb":{"compID":"HOH","insCode":"","seqNum":769,"strandID":"A"},"seqID":0},{"EDIAm":0.51646,"NGRID":27,"OPIA":0,"RSCCS":0.885214,"RSR":0.0945593,"SRSR":0.0293935,"asymID":"D","compID":"HOH","pdb":{"compID":"HOH","insCode":"","seqNum":770,"strandID":"A"},"seqID":0},{"EDIAm":0.526017,"NGRID":26,"OPIA":0,"RSCCS":0.927345,"RSR":0.111609,"SRSR":0.0238157,"asymID":"D","compID":"HOH","pdb":{"compID":"HOH","insCode":"","seqNum":772,"strandID":"A"},"seqID":0},{"EDIAm":0.383721,"NGRID":28,"OPIA":0,"RSCCS":0.82249,"RSR":0.0638598,"SRSR":0.0222689,"asymID":"D","compID":"HOH","pdb":{"compID":"HOH","insCode":"","seqNum":773,"strandID":"A"},"seqID":0},{"EDIAm":0.262904,"NGRID":31,"OPIA":0,"RSCCS":0.760711,"RSR":0.0828381,"SRSR":0.0222971,"asymID":"D","compID":"HOH","pdb":{"compID":"HOH","insCode":"","seqNum":774,"strandID":"A"},"seqID":0},{"EDIAm":0.041127,"NGRID":37,"OPIA":0,"RSCCS":0.62791,"RSR":0.102349,"SRSR":0.0211049,"asymID":"D","compID":"HOH","pdb":{"compID":"HOH","insCode":"","seqNum":776,"strandID":"A"},"seqID":0}]
