{
    "AAXIS": 98.085,
    "ALPHA": 90.0,
    "BAVER": 39.68,
    "BAXIS": 80.926,
    "BBEST": "0.50",
    "BETA": 114.84,
    "BLTBEST": "0.05",
    "BREFTYPE": "ISOT",
    "BWILS": 39.89,
    "CAXIS": 51.659,
    "CCFFIN": 0.959,
    "CCFOLD": 0.948,
    "CCWFIN": 0.97,
    "CCWOLD": 0.966,
    "COMMENT": null,
    "COMPLETED": 99.8,
    "DATARESH": 1.95,
    "DATARESL": 43.33,
    "DOTLS": true,
    "DYEAR": 2000,
    "EXPTYP": "X-ray",
    "FALSETWIN": false,
    "FARMSZ": 0.726,
    "FBCONF": -0.096,
    "FBRMSZ": 0.497,
    "FBUMPS": 16,
    "FCHI12": -2.318,
    "FGFOLD": null,
    "FHBSAT": 0.891,
    "FHBUNS": 16,
    "FHRMSZ": null,
    "FWBMPS": 0.018,
    "FZPAK1": -0.64,
    "FZPAK2": -0.953,
    "FZRAMA": -1.002,
    "GAMMA": 90.0,
    "HBFLIP": 11,
    "IONPROBE": 0.7,
    "ISTWIN": false,
    "LEGACY": false,
    "NARMSZ": 0.726,
    "NBBFLIP": 0,
    "NBCONF": -0.187,
    "NBRMSZ": 0.493,
    "NBUMPS": 14,
    "NCHI12": -2.602,
    "NCHIRFX": 0,
    "NDROTA": 17,
    "NGFOLD": null,
    "NHBSAT": 0.884,
    "NHBUNS": 16,
    "NHRMSZ": null,
    "NLOOPS": 0,
    "NMETALREST2": 0,
    "NOPDB": false,
    "NOSF": false,
    "NREFCNT": 26755,
    "NSCBLT": 0,
    "NTLS": 1,
    "NTSTCNT": 1293,
    "NWATDEL": 21,
    "NWBMPS": 0.018,
    "NZPAK1": -0.656,
    "NZPAK2": -1.082,
    "NZRAMA": -1.067,
    "OARMSZ": 1.097,
    "OBCONF": -0.195,
    "OBRMSZ": 0.727,
    "OBUMPS": 17,
    "OCHI12": -3.885,
    "OGFOLD": null,
    "OHBSAT": 0.876,
    "OHBUNS": 18,
    "OHRMSZ": null,
    "OPTTLSG": "REDO",
    "ORITLS": false,
    "OWBMPS": 0.021,
    "OZPAK1": -0.836,
    "OZPAK2": -1.028,
    "OZRAMA": -1.971,
    "PDBID": "1lQz",
    "PROG": "REFMAC_5.8.0257",
    "RCAL": 0.1813,
    "REFPATM": 9.9,
    "RESOLUTION": 1.95,
    "RESOTYPE": 3,
    "RFACT": 0.178,
    "RFCAL": 0.2237,
    "RFCALUNB": 0.2191,
    "RFCALZ": -0.74,
    "RFFIN": 0.2001,
    "RFFINUNB": 0.2012,
    "RFFINZ": 0.2,
    "RFIN": 0.1665,
    "RFREE": 0.219,
    "RFRRAT": 1.208589,
    "RFTLS": 0.1986,
    "RFTLSUNB": 0.2007,
    "RFTLSZ": 0.38,
    "RSCCB": 8,
    "RSCCW": 0,
    "RSHRINK": 0.7,
    "RSRB": 31,
    "RSRW": 0,
    "RTLS": 0.1661,
    "SIGRFCAL": 0.0062,
    "SIGRFFIN": 0.0056,
    "SIGRFTLS": 0.0055,
    "SOLVD": 54.66,
    "SOLVENT": "SIMP",
    "SPACEGROUP": "C 1 2 1",
    "STFLIP": null,
    "TFCHI12": 52,
    "TFHBSAT": 39,
    "TFWBMPS": 42,
    "TFZPAK1": 29,
    "TFZPAK2": 55,
    "TFZRAMA": 53,
    "TIME": "2020-03-22",
    "TLSBEST": "0.05",
    "TOCHI12": 27,
    "TOHBSAT": 25,
    "TOWBMPS": 38,
    "TOZPAK1": 21,
    "TOZPAK2": 52,
    "TOZRAMA": 30,
    "TSTCNT": 1293,
    "TSTPRC": 4.8,
    "URESO": 1.95,
    "USIGMA": true,
    "VDWPROBE": 1.1,
    "VERSION": 7.29,
    "WAVELENGTH": 0.9184,
    "ZCALERR": false,
    "ZCCF": 3.09,
    "ZCCW": 7.18
}