{
    "AAXIS": 68.566,
    "ALPHA": 90.0,
    "BAVER": 44.26,
    "BAXIS": 101.602,
    "BBEST": "0.80",
    "BETA": 90.0,
    "BLTBEST": "0.03",
    "BREFTYPE": "ISOT",
    "BWILS": 47.23,
    "CAXIS": 103.696,
    "CCFFIN": 0.94,
    "CCFOLD": 0.926,
    "CCWFIN": 0.959,
    "CCWOLD": 0.96,
    "COMMENT": null,
    "COMPLETED": 99.8,
    "DATARESH": 2.2,
    "DATARESL": 41.36,
    "DOTLS": true,
    "DYEAR": 2000,
    "EXPTYP": "X-ray",
    "FALSETWIN": false,
    "FARMSZ": 0.772,
    "FBCONF": -0.07,
    "FBRMSZ": 0.535,
    "FBUMPS": 23,
    "FCHI12": -2.819,
    "FGFOLD": null,
    "FHBSAT": 0.883,
    "FHBUNS": 35,
    "FHRMSZ": null,
    "FWBMPS": 0.008,
    "FZPAK1": -0.669,
    "FZPAK2": -1.515,
    "FZRAMA": -1.168,
    "GAMMA": 90.0,
    "HBFLIP": 28,
    "IONPROBE": 0.8,
    "ISTWIN": false,
    "LEGACY": false,
    "NARMSZ": 0.888,
    "NBBFLIP": 0,
    "NBCONF": -0.092,
    "NBRMSZ": 0.689,
    "NBUMPS": 24,
    "NCHI12": -3.312,
    "NCHIRFX": 0,
    "NDROTA": 34,
    "NGFOLD": null,
    "NHBSAT": 0.877,
    "NHBUNS": 39,
    "NHRMSZ": null,
    "NLOOPS": 0,
    "NMETALREST2": 0,
    "NOPDB": false,
    "NOSF": false,
    "NREFCNT": 37448,
    "NSCBLT": 0,
    "NTLS": 1,
    "NTSTCNT": 1898,
    "NWATDEL": 20,
    "NWBMPS": 0.011,
    "NZPAK1": -0.68,
    "NZPAK2": -1.741,
    "NZRAMA": -1.485,
    "OARMSZ": 1.157,
    "OBCONF": -0.289,
    "OBRMSZ": 0.79,
    "OBUMPS": 36,
    "OCHI12": -3.924,
    "OGFOLD": null,
    "OHBSAT": 0.874,
    "OHBUNS": 45,
    "OHRMSZ": null,
    "OPTTLSG": "REDO",
    "ORITLS": false,
    "OWBMPS": 0.012,
    "OZPAK1": -0.957,
    "OZPAK2": -1.824,
    "OZRAMA": -2.537,
    "PDBID": "S9q6",
    "PROG": "REFMAC_5.8.0257",
    "RCAL": 0.1886,
    "REFPATM": 7.0,
    "RESOLUTION": 2.2,
    "RESOTYPE": 3,
    "RFACT": 0.186,
    "RFCAL": 0.2498,
    "RFCALUNB": 0.2402,
    "RFCALZ": -1.68,
    "RFFIN": 0.2324,
    "RFFINUNB": 0.2467,
    "RFFINZ": 2.7,
    "RFIN": 0.1937,
    "RFREE": 0.247,
    "RFRRAT": 1.273665,
    "RFTLS": 0.2357,
    "RFTLSUNB": 0.2386,
    "RFTLSZ": 0.54,
    "RSCCB": 0,
    "RSCCW": 1,
    "RSHRINK": 0.8,
    "RSRB": 3,
    "RSRW": 1,
    "RTLS": 0.1873,
    "SIGRFCAL": 0.0057,
    "SIGRFFIN": 0.0053,
    "SIGRFTLS": 0.0054,
    "SOLVD": 53.46,
    "SOLVENT": "SIMP",
    "SPACEGROUP": "P 21 21 21",
    "STFLIP": null,
    "TFCHI12": 43,
    "TFHBSAT": 31,
    "TFWBMPS": 64,
    "TFZPAK1": 28,
    "TFZPAK2": 31,
    "TFZRAMA": 48,
    "TIME": "2020-03-22",
    "TLSBEST": "0.05",
    "TOCHI12": 27,
    "TOHBSAT": 24,
    "TOWBMPS": 53,
    "TOZPAK1": 17,
    "TOZPAK2": 19,
    "TOZRAMA": 21,
    "TSTCNT": 1898,
    "TSTPRC": 5.1,
    "URESO": 2.2,
    "USIGMA": true,
    "VDWPROBE": 1.1,
    "VERSION": 7.29,
    "WAVELENGTH": 0.9184,
    "ZCALERR": false,
    "ZCCF": 3.34,
    "ZCCW": -1.68
}