{
    "AAXIS": 114.983,
    "ALPHA": 90.0,
    "BAVER": 27.87,
    "BAXIS": 53.763,
    "BBEST": "0.50",
    "BETA": 101.24,
    "BLTBEST": "0.10",
    "BREFTYPE": "ISOT",
    "BWILS": 32.83,
    "CAXIS": 44.774,
    "CCFFIN": 0.95,
    "CCFOLD": 0.944,
    "CCWFIN": 0.969,
    "CCWOLD": 0.968,
    "COMMENT": null,
    "COMPLETED": 99.8,
    "DATARESH": 1.75,
    "DATARESL": 48.53,
    "DOTLS": true,
    "DYEAR": 2000,
    "EXPTYP": "X-ray",
    "FALSETWIN": false,
    "FARMSZ": 0.766,
    "FBCONF": -0.171,
    "FBRMSZ": 0.566,
    "FBUMPS": 12,
    "FCHI12": -1.73,
    "FGFOLD": null,
    "FHBSAT": 0.905,
    "FHBUNS": 14,
    "FHRMSZ": null,
    "FWBMPS": 0.01,
    "FZPAK1": -0.515,
    "FZPAK2": -1.448,
    "FZRAMA": -0.495,
    "GAMMA": 90.0,
    "HBFLIP": 9,
    "IONPROBE": 0.9,
    "ISTWIN": false,
    "LEGACY": false,
    "NARMSZ": 0.771,
    "NBBFLIP": 0,
    "NBCONF": -0.216,
    "NBRMSZ": 0.571,
    "NBUMPS": 8,
    "NCHI12": -2.261,
    "NCHIRFX": 0,
    "NDROTA": 17,
    "NGFOLD": null,
    "NHBSAT": 0.892,
    "NHBUNS": 16,
    "NHRMSZ": null,
    "NLOOPS": 0,
    "NMETALREST2": 0,
    "NOPDB": false,
    "NOSF": false,
    "NREFCNT": 27172,
    "NSCBLT": 0,
    "NTLS": 1,
    "NTSTCNT": 1309,
    "NWATDEL": 26,
    "NWBMPS": 0.002,
    "NZPAK1": -0.501,
    "NZPAK2": -1.549,
    "NZRAMA": -0.551,
    "OARMSZ": 1.029,
    "OBCONF": -0.381,
    "OBRMSZ": 0.719,
    "OBUMPS": 13,
    "OCHI12": -2.734,
    "OGFOLD": null,
    "OHBSAT": 0.902,
    "OHBUNS": 14,
    "OHRMSZ": null,
    "OPTTLSG": "REDO",
    "ORITLS": false,
    "OWBMPS": 0.008,
    "OZPAK1": -0.51,
    "OZPAK2": -1.636,
    "OZRAMA": -0.87,
    "PDBID": "M0rk",
    "PROG": "REFMAC_5.8.0257",
    "RCAL": 0.172,
    "REFPATM": 9.6,
    "RESOLUTION": 1.75,
    "RESOTYPE": 3,
    "RFACT": 0.171,
    "RFCAL": 0.2231,
    "RFCALUNB": 0.2087,
    "RFCALZ": -2.32,
    "RFFIN": 0.207,
    "RFFINUNB": 0.2028,
    "RFFINZ": -0.74,
    "RFIN": 0.1672,
    "RFREE": 0.222,
    "RFRRAT": 1.213143,
    "RFTLS": 0.2095,
    "RFTLSUNB": 0.2027,
    "RFTLSZ": -1.17,
    "RSCCB": 0,
    "RSCCW": 0,
    "RSHRINK": 0.9,
    "RSRB": 0,
    "RSRW": 0,
    "RTLS": 0.1671,
    "SIGRFCAL": 0.0062,
    "SIGRFFIN": 0.0057,
    "SIGRFTLS": 0.0058,
    "SOLVD": 38.3,
    "SOLVENT": "SIMP",
    "SPACEGROUP": "C 1 2 1",
    "STFLIP": null,
    "TFCHI12": 63,
    "TFHBSAT": 57,
    "TFWBMPS": 58,
    "TFZPAK1": 35,
    "TFZPAK2": 34,
    "TFZRAMA": 68,
    "TIME": "2020-03-22",
    "TLSBEST": "0.10",
    "TOCHI12": 44,
    "TOHBSAT": 53,
    "TOWBMPS": 64,
    "TOZPAK1": 36,
    "TOZPAK2": 26,
    "TOZRAMA": 57,
    "TSTCNT": 1309,
    "TSTPRC": 4.8,
    "URESO": 1.75,
    "USIGMA": true,
    "VDWPROBE": 1.1,
    "VERSION": 7.29,
    "WAVELENGTH": 0.9184,
    "ZCALERR": false,
    "ZCCF": 1.49,
    "ZCCW": 1.83
}